Timestamp,Source,Destination,Protocol,Length
2025-07-24 11:53:23,14.99.187.211,192.168.0.212,TCP,85
2025-07-24 11:53:23,14.99.187.211,192.168.0.212,TCP,85
2025-07-24 11:53:23,14.99.187.211,192.168.0.212,TCP,60
2025-07-24 11:53:23,14.99.187.211,192.168.0.212,TCP,60
2025-07-24 11:53:23,192.168.0.212,14.99.187.211,TCP,66
2025-07-24 11:53:23,192.168.0.212,14.99.187.211,TCP,54
2025-07-24 11:53:23,192.168.0.212,14.99.187.211,TCP,54
2025-07-24 11:53:24,192.168.0.243,239.255.255.250,UDP,179
2025-07-24 11:53:24,192.168.0.227,239.255.255.250,UDP,698
2025-07-24 11:53:24,192.168.0.227,239.255.255.250,UDP,698
2025-07-24 11:53:25,192.168.0.212,4.213.25.240,TCP,55
2025-07-24 11:53:25,4.213.25.240,192.168.0.212,TCP,66
2025-07-24 11:53:26,192.168.0.251,239.255.255.250,UDP,215
2025-07-24 11:53:26,192.168.0.243,224.0.0.251,UDP,119
2025-07-24 11:53:27,192.168.0.204,239.255.255.250,UDP,167
2025-07-24 11:53:27,192.168.0.251,239.255.255.250,UDP,215
2025-07-24 11:53:27,192.168.0.243,224.0.0.251,UDP,119
2025-07-24 11:53:27,192.168.0.227,239.255.255.250,UDP,698
2025-07-24 11:53:29,192.168.0.204,224.0.0.251,UDP,103
2025-07-24 11:53:30,192.168.0.196,224.0.0.251,UDP,107
2025-07-24 11:53:31,192.168.0.1,255.255.255.255,UDP,498
2025-07-24 11:53:32,192.168.0.212,3.233.158.25,TCP,55
2025-07-24 11:53:32,3.233.158.25,192.168.0.212,TCP,66
2025-07-24 11:53:33,192.168.0.95,224.0.0.251,UDP,191
2025-07-24 11:53:33,192.168.0.212,3.233.158.25,TCP,55
2025-07-24 11:53:33,192.168.0.212,123.176.32.8,TCP,54
2025-07-24 11:53:33,192.168.0.50,224.0.0.252,UDP,69
2025-07-24 11:53:33,3.233.158.25,192.168.0.212,TCP,66
2025-07-24 11:53:33,192.168.0.50,224.0.0.252,UDP,69
2025-07-24 11:53:34,192.168.0.231,224.0.0.251,UDP,100
2025-07-24 11:53:34,192.168.0.211,224.0.0.252,UDP,75
2025-07-24 11:53:34,192.168.0.211,224.0.0.252,UDP,75
2025-07-24 11:53:35,192.168.0.241,224.0.0.251,UDP,103
2025-07-24 11:53:35,192.168.0.241,224.0.0.251,UDP,119
2025-07-24 11:53:35,192.168.0.241,224.0.0.251,UDP,119
2025-07-24 11:53:35,192.168.0.241,224.0.0.251,UDP,119
2025-07-24 11:53:35,192.168.0.212,8.8.8.8,UDP,1292
2025-07-24 11:53:35,192.168.0.212,8.8.8.8,UDP,96
2025-07-24 11:53:35,192.168.0.212,8.8.8.8,TCP,291
2025-07-24 11:53:35,192.168.0.212,8.8.8.8,TCP,247
2025-07-24 11:53:35,8.8.8.8,192.168.0.212,TCP,60
2025-07-24 11:53:35,8.8.8.8,192.168.0.212,TCP,93
2025-07-24 11:53:35,8.8.8.8,192.168.0.212,UDP,82
2025-07-24 11:53:35,8.8.8.8,192.168.0.212,TCP,60
2025-07-24 11:53:35,8.8.8.8,192.168.0.212,TCP,162
2025-07-24 11:53:35,8.8.8.8,192.168.0.212,TCP,553
2025-07-24 11:53:35,8.8.8.8,192.168.0.212,TCP,85
2025-07-24 11:53:35,8.8.8.8,192.168.0.212,TCP,93
2025-07-24 11:53:35,8.8.8.8,192.168.0.212,TCP,123
2025-07-24 11:53:35,8.8.8.8,192.168.0.212,TCP,553
2025-07-24 11:53:35,8.8.8.8,192.168.0.212,TCP,85
2025-07-24 11:53:35,192.168.0.212,8.8.8.8,TCP,54
2025-07-24 11:53:35,192.168.0.212,8.8.8.8,TCP,89
2025-07-24 11:53:35,192.168.0.212,8.8.8.8,TCP,93
2025-07-24 11:53:35,192.168.0.212,13.107.253.58,TCP,66
2025-07-24 11:53:35,8.8.8.8,192.168.0.212,TCP,60
2025-07-24 11:53:35,13.107.253.58,192.168.0.212,TCP,66
2025-07-24 11:53:35,192.168.0.212,13.107.253.58,TCP,54
2025-07-24 11:53:35,192.168.0.212,13.107.253.58,TCP,1894
2025-07-24 11:53:35,13.107.253.58,192.168.0.212,TCP,60
2025-07-24 11:53:35,13.107.253.58,192.168.0.212,TCP,60
2025-07-24 11:53:35,13.107.253.58,192.168.0.212,TCP,153
2025-07-24 11:53:35,192.168.0.212,13.107.253.58,TCP,708
2025-07-24 11:53:35,192.168.0.212,8.8.8.8,TCP,283
2025-07-24 11:53:35,192.168.0.212,8.8.8.8,TCP,244
2025-07-24 11:53:35,13.107.253.58,192.168.0.212,TCP,1464
2025-07-24 11:53:35,13.107.253.58,192.168.0.212,TCP,1464
2025-07-24 11:53:35,13.107.253.58,192.168.0.212,TCP,1330
2025-07-24 11:53:35,13.107.253.58,192.168.0.212,TCP,1464
2025-07-24 11:53:35,13.107.253.58,192.168.0.212,TCP,1464
2025-07-24 11:53:35,13.107.253.58,192.168.0.212,TCP,130
2025-07-24 11:53:35,192.168.0.212,13.107.253.58,TCP,54
2025-07-24 11:53:35,192.168.0.212,13.107.253.58,TCP,128
2025-07-24 11:53:35,192.168.0.212,13.107.253.58,TCP,146
2025-07-24 11:53:35,192.168.0.212,13.107.253.58,TCP,344
2025-07-24 11:53:35,8.8.8.8,192.168.0.212,TCP,60
2025-07-24 11:53:35,8.8.8.8,192.168.0.212,TCP,60
2025-07-24 11:53:35,8.8.8.8,192.168.0.212,TCP,93
2025-07-24 11:53:35,8.8.8.8,192.168.0.212,TCP,147
2025-07-24 11:53:35,8.8.8.8,192.168.0.212,TCP,553
2025-07-24 11:53:35,8.8.8.8,192.168.0.212,TCP,85
2025-07-24 11:53:35,8.8.8.8,192.168.0.212,TCP,155
2025-07-24 11:53:35,8.8.8.8,192.168.0.212,TCP,553
2025-07-24 11:53:35,8.8.8.8,192.168.0.212,TCP,85
2025-07-24 11:53:35,192.168.0.212,8.8.8.8,TCP,54
2025-07-24 11:53:35,13.107.253.58,192.168.0.212,TCP,357
2025-07-24 11:53:35,13.107.253.58,192.168.0.212,TCP,357
2025-07-24 11:53:35,13.107.253.58,192.168.0.212,TCP,125
2025-07-24 11:53:35,192.168.0.212,13.107.253.58,TCP,54
2025-07-24 11:53:35,192.168.0.212,13.107.253.58,TCP,85
2025-07-24 11:53:35,192.168.0.212,8.8.8.8,TCP,128
2025-07-24 11:53:35,192.168.0.212,150.171.28.11,TCP,66
2025-07-24 11:53:35,150.171.28.11,192.168.0.212,TCP,66
2025-07-24 11:53:35,192.168.0.212,150.171.28.11,TCP,54
2025-07-24 11:53:35,192.168.0.212,150.171.28.11,TCP,2058
2025-07-24 11:53:35,150.171.28.11,192.168.0.212,TCP,60
2025-07-24 11:53:35,150.171.28.11,192.168.0.212,TCP,208
2025-07-24 11:53:35,13.107.253.58,192.168.0.212,TCP,60
2025-07-24 11:53:35,8.8.8.8,192.168.0.212,TCP,60
2025-07-24 11:53:35,192.168.0.212,150.171.28.11,TCP,105
2025-07-24 11:53:35,192.168.0.212,150.171.28.11,TCP,153
2025-07-24 11:53:35,192.168.0.212,150.171.28.11,TCP,692
2025-07-24 11:53:35,192.168.0.212,150.171.28.11,TCP,1049
2025-07-24 11:53:35,150.171.28.11,192.168.0.212,TCP,60
2025-07-24 11:53:35,150.171.28.11,192.168.0.212,TCP,123
2025-07-24 11:53:35,192.168.0.212,150.171.28.11,TCP,92
2025-07-24 11:53:35,150.171.28.11,192.168.0.212,TCP,60
2025-07-24 11:53:35,192.168.0.212,172.64.155.209,TCP,55
2025-07-24 11:53:35,150.171.28.11,192.168.0.212,TCP,92
2025-07-24 11:53:35,13.107.253.58,192.168.0.212,TCP,683
2025-07-24 11:53:35,172.64.155.209,192.168.0.212,TCP,66
2025-07-24 11:53:35,192.168.0.212,13.107.253.58,TCP,54
2025-07-24 11:53:35,192.168.0.212,150.171.28.11,TCP,54
2025-07-24 11:53:36,150.171.28.11,192.168.0.212,TCP,558
2025-07-24 11:53:36,150.171.28.11,192.168.0.212,TCP,92
2025-07-24 11:53:36,150.171.28.11,192.168.0.212,TCP,596
2025-07-24 11:53:36,150.171.28.11,192.168.0.212,TCP,596
2025-07-24 11:53:36,192.168.0.212,150.171.28.11,TCP,66
2025-07-24 11:53:36,192.168.0.212,150.171.28.11,TCP,66
2025-07-24 11:53:36,192.168.0.222,255.255.255.255,UDP,912
2025-07-24 11:53:36,192.168.0.199,224.0.0.251,UDP,100
2025-07-24 11:53:37,192.168.0.231,224.0.0.251,UDP,100
2025-07-24 11:53:37,192.168.0.212,8.8.4.4,TCP,55
2025-07-24 11:53:37,192.168.0.204,239.255.255.250,UDP,167
2025-07-24 11:53:37,8.8.4.4,192.168.0.212,TCP,66
2025-07-24 11:53:37,192.168.0.212,35.190.80.1,TCP,55
2025-07-24 11:53:37,35.190.80.1,192.168.0.212,TCP,66
2025-07-24 11:53:41,192.168.0.25,255.255.255.255,UDP,784
2025-07-24 11:53:42,192.168.0.53,255.255.255.255,UDP,780
2025-07-24 11:53:43,192.168.0.21,255.255.255.255,UDP,790
2025-07-24 11:53:44,192.168.0.212,172.64.155.209,TCP,5320
2025-07-24 11:53:44,192.168.0.212,8.8.4.4,TCP,243
2025-07-24 11:53:44,192.168.0.212,8.8.4.4,TCP,93
2025-07-24 11:53:44,192.168.0.212,8.8.4.4,TCP,244
2025-07-24 11:53:44,192.168.0.212,172.64.155.209,TCP,8251
2025-07-24 11:53:44,172.64.155.209,192.168.0.212,TCP,60
2025-07-24 11:53:44,172.64.155.209,192.168.0.212,TCP,60
2025-07-24 11:53:44,172.64.155.209,192.168.0.212,TCP,93
2025-07-24 11:53:44,192.168.0.212,172.64.155.209,TCP,6867
2025-07-24 11:53:44,172.64.155.209,192.168.0.212,TCP,60
2025-07-24 11:53:44,172.64.155.209,192.168.0.212,TCP,60
2025-07-24 11:53:44,172.64.155.209,192.168.0.212,TCP,60
2025-07-24 11:53:44,172.64.155.209,192.168.0.212,TCP,60
2025-07-24 11:53:44,172.64.155.209,192.168.0.212,TCP,60
2025-07-24 11:53:44,8.8.4.4,192.168.0.212,TCP,60
2025-07-24 11:53:44,8.8.4.4,192.168.0.212,TCP,60
2025-07-24 11:53:44,8.8.4.4,192.168.0.212,TCP,60
2025-07-24 11:53:44,8.8.4.4,192.168.0.212,TCP,93
2025-07-24 11:53:44,8.8.4.4,192.168.0.212,TCP,147
2025-07-24 11:53:44,8.8.4.4,192.168.0.212,TCP,553
2025-07-24 11:53:44,8.8.4.4,192.168.0.212,TCP,85
2025-07-24 11:53:44,8.8.4.4,192.168.0.212,TCP,93
2025-07-24 11:53:44,192.168.0.212,8.8.4.4,TCP,54
2025-07-24 11:53:44,192.168.0.212,8.8.4.4,TCP,128
2025-07-24 11:53:44,8.8.4.4,192.168.0.212,TCP,123
2025-07-24 11:53:44,8.8.4.4,192.168.0.212,TCP,553
2025-07-24 11:53:44,8.8.4.4,192.168.0.212,TCP,85
2025-07-24 11:53:44,192.168.0.212,8.8.4.4,TCP,54
2025-07-24 11:53:44,8.8.4.4,192.168.0.212,TCP,60
2025-07-24 11:53:44,192.168.0.212,172.64.155.209,TCP,5281
2025-07-24 11:53:44,192.168.0.212,172.64.155.209,TCP,1558
2025-07-24 11:53:44,172.64.155.209,192.168.0.212,TCP,60
2025-07-24 11:53:44,172.64.155.209,192.168.0.212,TCP,60
2025-07-24 11:53:44,172.64.155.209,192.168.0.212,TCP,60
2025-07-24 11:53:44,172.64.155.209,192.168.0.212,TCP,648
2025-07-24 11:53:44,172.64.155.209,192.168.0.212,TCP,101
2025-07-24 11:53:44,172.64.155.209,192.168.0.212,TCP,85
2025-07-24 11:53:44,172.64.155.209,192.168.0.212,TCP,326
2025-07-24 11:53:44,172.64.155.209,192.168.0.212,TCP,101
2025-07-24 11:53:44,172.64.155.209,192.168.0.212,TCP,85
2025-07-24 11:53:44,172.64.155.209,192.168.0.212,TCP,334
2025-07-24 11:53:44,192.168.0.212,172.64.155.209,TCP,54
2025-07-24 11:53:44,172.64.155.209,192.168.0.212,TCP,101
2025-07-24 11:53:44,172.64.155.209,192.168.0.212,TCP,85
2025-07-24 11:53:44,192.168.0.212,172.64.155.209,TCP,54
2025-07-24 11:53:44,192.168.0.212,172.64.155.209,TCP,89
2025-07-24 11:53:44,172.64.155.209,192.168.0.212,TCP,339
2025-07-24 11:53:44,172.64.155.209,192.168.0.212,TCP,278
2025-07-24 11:53:44,172.64.155.209,192.168.0.212,TCP,85
2025-07-24 11:53:44,192.168.0.212,172.64.155.209,TCP,54
2025-07-24 11:53:44,192.168.0.212,8.8.4.4,TCP,245
2025-07-24 11:53:44,192.168.0.212,172.64.155.209,TCP,6845
2025-07-24 11:53:44,192.168.0.212,8.8.4.4,TCP,245
2025-07-24 11:53:44,172.64.155.209,192.168.0.212,TCP,60
2025-07-24 11:53:44,8.8.4.4,192.168.0.212,TCP,60
2025-07-24 11:53:44,8.8.4.4,192.168.0.212,TCP,60
2025-07-24 11:53:44,8.8.4.4,192.168.0.212,TCP,139
2025-07-24 11:53:44,8.8.4.4,192.168.0.212,TCP,553
2025-07-24 11:53:44,8.8.4.4,192.168.0.212,TCP,85
2025-07-24 11:53:44,8.8.4.4,192.168.0.212,TCP,93
2025-07-24 11:53:44,192.168.0.212,8.8.4.4,TCP,54
2025-07-24 11:53:44,192.168.0.212,8.8.4.4,TCP,93
2025-07-24 11:53:44,8.8.4.4,192.168.0.212,TCP,60
2025-07-24 11:53:44,8.8.4.4,192.168.0.212,TCP,123
2025-07-24 11:53:44,8.8.4.4,192.168.0.212,TCP,553
2025-07-24 11:53:44,8.8.4.4,192.168.0.212,TCP,85
2025-07-24 11:53:44,8.8.4.4,192.168.0.212,TCP,93
2025-07-24 11:53:44,192.168.0.212,8.8.4.4,TCP,54
2025-07-24 11:53:44,192.168.0.212,14.99.187.211,TCP,54
2025-07-24 11:53:44,192.168.0.212,8.8.4.4,TCP,93
2025-07-24 11:53:44,192.168.0.212,104.18.43.204,TCP,274
2025-07-24 11:53:44,104.18.43.204,192.168.0.212,TCP,60
2025-07-24 11:53:44,104.18.43.204,192.168.0.212,TCP,93
2025-07-24 11:53:45,8.8.4.4,192.168.0.212,TCP,60
2025-07-24 11:53:45,192.168.0.212,104.18.43.204,TCP,54
2025-07-24 11:53:45,172.64.155.209,192.168.0.212,TCP,348
2025-07-24 11:53:45,172.64.155.209,192.168.0.212,TCP,101
2025-07-24 11:53:45,172.64.155.209,192.168.0.212,TCP,85
2025-07-24 11:53:45,104.18.43.204,192.168.0.212,TCP,737
2025-07-24 11:53:45,172.64.155.209,192.168.0.212,TCP,85
2025-07-24 11:53:45,192.168.0.212,172.64.155.209,TCP,66
2025-07-24 11:53:45,192.168.0.212,104.18.43.204,UDP,1292
2025-07-24 11:53:45,192.168.0.212,104.18.43.204,UDP,1292
2025-07-24 11:53:45,192.168.0.212,104.18.43.204,TCP,223
2025-07-24 11:53:45,192.168.0.212,104.18.43.204,TCP,12965
2025-07-24 11:53:45,104.18.43.204,192.168.0.212,TCP,60
2025-07-24 11:53:45,104.18.43.204,192.168.0.212,UDP,1242
2025-07-24 11:53:45,104.18.43.204,192.168.0.212,TCP,60
2025-07-24 11:53:45,104.18.43.204,192.168.0.212,TCP,60
2025-07-24 11:53:45,104.18.43.204,192.168.0.212,TCP,60
2025-07-24 11:53:45,104.18.43.204,192.168.0.212,UDP,1242
2025-07-24 11:53:45,104.18.43.204,192.168.0.212,UDP,1242
2025-07-24 11:53:45,104.18.43.204,192.168.0.212,UDP,1242
2025-07-24 11:53:45,104.18.43.204,192.168.0.212,UDP,971
2025-07-24 11:53:45,192.168.0.212,104.18.43.204,UDP,1292
2025-07-24 11:53:45,192.168.0.212,104.18.43.204,UDP,93
2025-07-24 11:53:45,192.168.0.212,104.18.43.204,UDP,127
2025-07-24 11:53:45,192.168.0.212,104.18.43.204,UDP,128
2025-07-24 11:53:45,104.18.43.204,192.168.0.212,UDP,570
2025-07-24 11:53:45,104.18.43.204,192.168.0.212,UDP,66
2025-07-24 11:53:45,104.18.43.204,192.168.0.212,UDP,66
2025-07-24 11:53:45,104.18.43.204,192.168.0.212,UDP,91
2025-07-24 11:53:45,104.18.43.204,192.168.0.212,UDP,65
2025-07-24 11:53:45,192.168.0.212,104.18.43.204,UDP,85
2025-07-24 11:53:45,192.168.0.212,104.18.43.204,UDP,89
2025-07-24 11:53:45,104.18.43.204,192.168.0.212,UDP,70
2025-07-24 11:53:45,192.168.0.212,104.18.43.204,UDP,86
2025-07-24 11:53:46,104.18.43.204,192.168.0.212,TCP,988
2025-07-24 11:53:46,104.18.43.204,192.168.0.212,TCP,988
2025-07-24 11:53:46,192.168.0.212,104.18.43.204,TCP,66
2025-07-24 11:53:46,192.168.0.212,172.64.155.209,TCP,6880
2025-07-24 11:53:46,192.168.0.212,172.64.155.209,TCP,6847
2025-07-24 11:53:46,172.64.155.209,192.168.0.212,TCP,60
2025-07-24 11:53:46,172.64.155.209,192.168.0.212,TCP,60
2025-07-24 11:53:46,192.168.0.231,224.0.0.251,UDP,100
2025-07-24 11:53:46,192.168.0.212,104.18.32.47,TCP,1034
2025-07-24 11:53:46,172.64.155.209,192.168.0.212,TCP,351
2025-07-24 11:53:46,172.64.155.209,192.168.0.212,TCP,132
2025-07-24 11:53:46,192.168.0.212,172.64.155.209,TCP,54
2025-07-24 11:53:46,172.64.155.209,192.168.0.212,TCP,354
2025-07-24 11:53:46,172.64.155.209,192.168.0.212,TCP,252
2025-07-24 11:53:46,104.18.32.47,192.168.0.212,TCP,60
2025-07-24 11:53:46,104.18.32.47,192.168.0.212,TCP,93
2025-07-24 11:53:46,192.168.0.212,172.64.155.209,TCP,54
2025-07-24 11:53:46,192.168.0.212,104.18.32.47,TCP,54
2025-07-24 11:53:46,104.18.32.47,192.168.0.212,TCP,623
2025-07-24 11:53:46,104.18.32.47,192.168.0.212,TCP,101
2025-07-24 11:53:46,104.18.32.47,192.168.0.212,TCP,85
2025-07-24 11:53:46,192.168.0.212,104.18.32.47,TCP,54
2025-07-24 11:53:46,192.168.0.212,104.18.32.47,TCP,89
2025-07-24 11:53:46,192.168.0.219,224.0.0.252,UDP,75
2025-07-24 11:53:46,104.18.32.47,192.168.0.212,TCP,60
2025-07-24 11:53:46,172.64.155.209,192.168.0.212,TCP,434
2025-07-24 11:53:46,172.64.155.209,192.168.0.212,TCP,85
2025-07-24 11:53:46,192.168.0.212,172.64.155.209,TCP,54
2025-07-24 11:53:46,192.168.0.212,172.64.155.209,TCP,7307
2025-07-24 11:53:46,172.64.155.209,192.168.0.212,TCP,60
2025-07-24 11:53:46,172.64.155.209,192.168.0.212,TCP,60
2025-07-24 11:53:46,192.168.0.211,224.0.0.251,UDP,93
2025-07-24 11:53:46,192.168.0.212,172.64.155.209,TCP,6812
2025-07-24 11:53:46,172.64.155.209,192.168.0.212,TCP,60
2025-07-24 11:53:46,3.233.158.25,192.168.0.212,TCP,93
2025-07-24 11:53:46,192.168.0.212,3.233.158.25,TCP,78
2025-07-24 11:53:46,192.168.0.212,3.233.158.25,TCP,54
2025-07-24 11:53:46,172.64.155.209,192.168.0.212,TCP,60
2025-07-24 11:53:47,192.168.0.219,224.0.0.252,UDP,75
2025-07-24 11:53:47,172.64.155.209,192.168.0.212,TCP,896
2025-07-24 11:53:47,172.64.155.209,192.168.0.212,TCP,1514
2025-07-24 11:53:47,172.64.155.209,192.168.0.212,TCP,1514
2025-07-24 11:53:47,172.64.155.209,192.168.0.212,TCP,1514
2025-07-24 11:53:47,172.64.155.209,192.168.0.212,TCP,1514
2025-07-24 11:53:47,172.64.155.209,192.168.0.212,TCP,1514
2025-07-24 11:53:47,172.64.155.209,192.168.0.212,TCP,1514
2025-07-24 11:53:47,172.64.155.209,192.168.0.212,TCP,1333
2025-07-24 11:53:47,172.64.155.209,192.168.0.212,TCP,85
2025-07-24 11:53:47,172.64.155.209,192.168.0.212,TCP,384
2025-07-24 11:53:47,172.64.155.209,192.168.0.212,TCP,101
2025-07-24 11:53:47,172.64.155.209,192.168.0.212,TCP,85
2025-07-24 11:53:47,192.168.0.212,172.64.155.209,TCP,54
2025-07-24 11:53:47,3.233.158.25,192.168.0.212,TCP,60
2025-07-24 11:53:47,3.233.158.25,192.168.0.212,TCP,78
2025-07-24 11:53:47,3.233.158.25,192.168.0.212,TCP,60
2025-07-24 11:53:47,192.168.0.212,3.233.158.25,TCP,54
2025-07-24 11:53:47,192.168.0.204,239.255.255.250,UDP,167
2025-07-24 11:53:47,192.168.0.211,224.0.0.251,UDP,385
2025-07-24 11:53:47,192.168.0.250,239.255.255.250,UDP,215
2025-07-24 11:53:47,192.168.0.241,224.0.0.251,UDP,119
2025-07-24 11:53:47,192.168.0.212,172.64.155.209,TCP,7330
2025-07-24 11:53:47,172.64.155.209,192.168.0.212,TCP,60
2025-07-24 11:53:47,172.64.155.209,192.168.0.212,TCP,60
2025-07-24 11:53:47,192.168.0.204,239.255.255.250,UDP,167
2025-07-24 11:53:47,192.168.0.243,224.0.0.251,UDP,119
2025-07-24 11:53:47,172.64.155.209,192.168.0.212,TCP,340
2025-07-24 11:53:47,172.64.155.209,192.168.0.212,TCP,359
2025-07-24 11:53:47,172.64.155.209,192.168.0.212,TCP,85
2025-07-24 11:53:47,192.168.0.212,172.64.155.209,TCP,54
2025-07-24 11:53:47,3.233.158.25,192.168.0.212,TCP,528
2025-07-24 11:53:47,3.233.158.25,192.168.0.212,TCP,60
2025-07-24 11:53:47,192.168.0.212,3.233.158.25,TCP,54
2025-07-24 11:53:48,192.168.0.212,172.64.155.209,TCP,6686
2025-07-24 11:53:48,172.64.155.209,192.168.0.212,TCP,60
2025-07-24 11:53:48,172.64.155.209,192.168.0.212,TCP,60
2025-07-24 11:53:48,172.64.155.209,192.168.0.212,TCP,60
2025-07-24 11:53:48,192.168.0.212,172.64.155.209,TCP,11497
2025-07-24 11:53:48,172.64.155.209,192.168.0.212,TCP,60
2025-07-24 11:53:48,172.64.155.209,192.168.0.212,TCP,60
2025-07-24 11:53:48,192.168.0.212,142.251.222.174,UDP,1292
2025-07-24 11:53:48,192.168.0.212,142.251.222.174,UDP,1292
2025-07-24 11:53:48,192.168.0.212,142.251.222.174,UDP,118
2025-07-24 11:53:48,142.251.222.174,192.168.0.212,UDP,82
2025-07-24 11:53:48,142.251.222.174,192.168.0.212,UDP,1292
2025-07-24 11:53:48,172.64.155.209,192.168.0.212,TCP,360
2025-07-24 11:53:48,172.64.155.209,192.168.0.212,TCP,87
2025-07-24 11:53:48,192.168.0.212,172.64.155.209,TCP,54
2025-07-24 11:53:48,172.64.155.209,192.168.0.212,TCP,333
2025-07-24 11:53:48,172.64.155.209,192.168.0.212,TCP,85
2025-07-24 11:53:48,142.251.222.174,192.168.0.212,UDP,1292
2025-07-24 11:53:48,142.251.222.174,192.168.0.212,UDP,335
2025-07-24 11:53:48,142.251.222.174,192.168.0.212,UDP,986
2025-07-24 11:53:48,142.251.222.174,192.168.0.212,UDP,67
2025-07-24 11:53:48,192.168.0.212,172.64.155.209,TCP,54
2025-07-24 11:53:48,192.168.0.212,142.251.222.174,UDP,1292
2025-07-24 11:53:48,192.168.0.212,142.251.222.174,UDP,1292
2025-07-24 11:53:48,192.168.0.212,142.251.222.174,UDP,120
2025-07-24 11:53:48,192.168.0.212,142.251.222.174,UDP,1288
2025-07-24 11:53:48,192.168.0.212,142.251.222.174,UDP,1292
2025-07-24 11:53:48,192.168.0.212,142.251.222.174,UDP,978
2025-07-24 11:53:48,192.168.0.212,142.251.222.174,UDP,352
2025-07-24 11:53:48,192.168.0.212,142.251.222.174,UDP,79
2025-07-24 11:53:48,192.168.0.212,142.251.222.174,UDP,73
2025-07-24 11:53:48,142.251.222.174,192.168.0.212,UDP,162
2025-07-24 11:53:48,142.251.222.174,192.168.0.212,UDP,67
2025-07-24 11:53:48,142.251.222.174,192.168.0.212,UDP,67
2025-07-24 11:53:48,142.251.222.174,192.168.0.212,UDP,67
2025-07-24 11:53:48,142.251.222.174,192.168.0.212,UDP,71
2025-07-24 11:53:48,192.168.0.212,142.251.222.174,UDP,73
2025-07-24 11:53:48,142.251.222.174,192.168.0.212,UDP,68
2025-07-24 11:53:48,192.168.0.241,224.0.0.251,UDP,119
2025-07-24 11:53:48,192.168.0.241,224.0.0.251,UDP,119
2025-07-24 11:53:48,142.251.222.174,192.168.0.212,UDP,644
2025-07-24 11:53:48,142.251.222.174,192.168.0.212,UDP,63
2025-07-24 11:53:48,192.168.0.212,142.251.222.174,UDP,77
2025-07-24 11:53:48,192.168.0.212,172.64.155.209,TCP,6766
2025-07-24 11:53:48,172.64.155.209,192.168.0.212,TCP,60
2025-07-24 11:53:48,172.64.155.209,192.168.0.212,TCP,60
2025-07-24 11:53:48,172.64.155.209,192.168.0.212,TCP,60
2025-07-24 11:53:48,192.168.0.212,172.64.155.209,TCP,5387
2025-07-24 11:53:48,172.64.155.209,192.168.0.212,TCP,60
2025-07-24 11:53:48,172.64.155.209,192.168.0.212,TCP,60
2025-07-24 11:53:48,142.251.222.174,192.168.0.212,UDP,66
2025-07-24 11:53:48,172.64.155.209,192.168.0.212,TCP,331
2025-07-24 11:53:48,172.64.155.209,192.168.0.212,TCP,101
2025-07-24 11:53:48,172.64.155.209,192.168.0.212,TCP,85
2025-07-24 11:53:48,192.168.0.212,172.64.155.209,TCP,54
2025-07-24 11:53:48,172.64.155.209,192.168.0.212,TCP,482
2025-07-24 11:53:48,172.64.155.209,192.168.0.212,TCP,1514
2025-07-24 11:53:48,172.64.155.209,192.168.0.212,TCP,1514
2025-07-24 11:53:48,172.64.155.209,192.168.0.212,TCP,1514
2025-07-24 11:53:48,172.64.155.209,192.168.0.212,TCP,1514
2025-07-24 11:53:48,172.64.155.209,192.168.0.212,TCP,1514
2025-07-24 11:53:48,172.64.155.209,192.168.0.212,TCP,1514
2025-07-24 11:53:48,172.64.155.209,192.168.0.212,TCP,1514
2025-07-24 11:53:48,192.168.0.212,172.64.155.209,TCP,54
2025-07-24 11:53:48,172.64.155.209,192.168.0.212,TCP,1514
2025-07-24 11:53:48,172.64.155.209,192.168.0.212,TCP,1294
2025-07-24 11:53:48,192.168.0.212,172.64.155.209,TCP,54
2025-07-24 11:53:49,172.64.155.209,192.168.0.212,TCP,85
2025-07-24 11:53:49,192.168.0.212,172.64.155.209,TCP,54
2025-07-24 11:53:49,192.168.0.215,224.0.0.251,UDP,93
2025-07-24 11:53:49,192.168.0.250,239.255.255.250,UDP,215
2025-07-24 11:53:49,192.168.0.60,224.0.0.251,UDP,81
2025-07-24 11:53:49,192.168.0.60,224.0.0.251,UDP,81
2025-07-24 11:53:49,192.168.0.215,224.0.0.251,UDP,93
2025-07-24 11:53:49,192.168.0.60,224.0.0.251,UDP,81
2025-07-24 11:53:49,192.168.0.60,224.0.0.251,UDP,81
2025-07-24 11:53:49,192.168.0.204,224.0.0.251,UDP,103
2025-07-24 11:53:49,192.168.0.215,224.0.0.251,UDP,93
2025-07-24 11:53:49,192.168.0.60,224.0.0.251,UDP,81
2025-07-24 11:53:50,192.168.0.212,8.8.4.4,TCP,55
2025-07-24 11:53:50,192.168.0.60,224.0.0.252,UDP,75
2025-07-24 11:53:50,192.168.0.60,224.0.0.252,UDP,75
2025-07-24 11:53:50,8.8.4.4,192.168.0.212,TCP,66
2025-07-24 11:53:50,192.168.0.60,224.0.0.252,UDP,75
2025-07-24 11:53:50,192.168.0.60,224.0.0.252,UDP,75
2025-07-24 11:53:50,192.168.0.60,224.0.0.251,UDP,81
2025-07-24 11:53:50,192.168.0.60,224.0.0.251,UDP,81
2025-07-24 11:53:50,192.168.0.250,239.255.255.250,UDP,215
2025-07-24 11:53:50,172.64.155.209,192.168.0.212,TCP,1465
2025-07-24 11:53:50,172.64.155.209,192.168.0.212,TCP,1180
2025-07-24 11:53:50,172.64.155.209,192.168.0.212,TCP,607
2025-07-24 11:53:50,192.168.0.212,172.64.155.209,TCP,54
2025-07-24 11:53:50,192.168.0.212,172.64.155.209,TCP,89
2025-07-24 11:53:50,172.64.155.209,192.168.0.212,TCP,60
2025-07-24 11:53:50,172.64.155.209,192.168.0.212,TCP,154
2025-07-24 11:53:50,192.168.0.212,172.64.155.209,TCP,54
2025-07-24 11:53:50,172.64.155.209,192.168.0.212,TCP,138
2025-07-24 11:53:50,192.168.0.212,172.64.155.209,TCP,54
2025-07-24 11:53:51,192.168.0.22,255.255.255.255,UDP,790
2025-07-24 11:53:51,192.168.0.60,224.0.0.251,UDP,81
2025-07-24 11:53:51,172.64.155.209,192.168.0.212,TCP,178
2025-07-24 11:53:51,172.64.155.209,192.168.0.212,TCP,178
2025-07-24 11:53:51,172.64.155.209,192.168.0.212,TCP,178
2025-07-24 11:53:51,192.168.0.212,172.64.155.209,TCP,66
2025-07-24 11:53:51,192.168.0.60,224.0.0.252,UDP,75
2025-07-24 11:53:51,192.168.0.60,224.0.0.252,UDP,75
2025-07-24 11:53:51,192.168.0.212,172.64.155.209,TCP,5279
2025-07-24 11:53:51,192.168.0.212,172.64.155.209,TCP,5279
2025-07-24 11:53:51,192.168.0.212,172.64.155.209,TCP,3240
2025-07-24 11:53:51,172.64.155.209,192.168.0.212,TCP,60
2025-07-24 11:53:51,172.64.155.209,192.168.0.212,TCP,60
2025-07-24 11:53:51,172.64.155.209,192.168.0.212,TCP,60
2025-07-24 11:53:51,172.64.155.209,192.168.0.212,TCP,186
2025-07-24 11:53:51,192.168.0.212,172.64.155.209,TCP,54
2025-07-24 11:53:51,192.168.0.1,255.255.255.255,UDP,498
2025-07-24 11:53:51,192.168.0.60,224.0.0.251,UDP,81
2025-07-24 11:53:51,192.168.0.60,224.0.0.251,UDP,81
2025-07-24 11:53:51,172.64.155.209,192.168.0.212,TCP,402
2025-07-24 11:53:51,172.64.155.209,192.168.0.212,TCP,178
2025-07-24 11:53:51,172.64.155.209,192.168.0.212,TCP,329
2025-07-24 11:53:51,172.64.155.209,192.168.0.212,TCP,101
2025-07-24 11:53:51,172.64.155.209,192.168.0.212,TCP,85
2025-07-24 11:53:51,192.168.0.212,172.64.155.209,TCP,54
2025-07-24 11:53:51,172.64.155.209,192.168.0.212,TCP,101
2025-07-24 11:53:51,172.64.155.209,192.168.0.212,TCP,85
2025-07-24 11:53:51,192.168.0.212,172.64.155.209,TCP,54
2025-07-24 11:53:51,192.168.0.60,224.0.0.252,UDP,75
2025-07-24 11:53:51,192.168.0.60,224.0.0.252,UDP,75
2025-07-24 11:53:51,192.168.0.25,255.255.255.255,UDP,782
2025-07-24 11:53:51,172.64.155.209,192.168.0.212,TCP,178
2025-07-24 11:53:51,192.168.0.212,172.64.155.209,TCP,54
2025-07-24 11:53:52,172.64.155.209,192.168.0.212,TCP,162
2025-07-24 11:53:52,192.168.0.212,172.64.155.209,TCP,54
2025-07-24 11:53:52,192.168.0.60,224.0.0.251,UDP,81
2025-07-24 11:53:52,192.168.0.60,224.0.0.252,UDP,75
2025-07-24 11:53:52,192.168.0.60,224.0.0.252,UDP,75
2025-07-24 11:53:52,172.64.155.209,192.168.0.212,TCP,162
2025-07-24 11:53:52,192.168.0.212,172.64.155.209,TCP,54
2025-07-24 11:53:52,172.64.155.209,192.168.0.212,TCP,178
2025-07-24 11:53:52,192.168.0.212,172.64.155.209,TCP,54
2025-07-24 11:53:52,192.168.0.212,35.190.80.1,UDP,1292
2025-07-24 11:53:52,192.168.0.212,35.190.80.1,UDP,1292
2025-07-24 11:53:52,192.168.0.212,3.233.158.25,TCP,54
2025-07-24 11:53:52,192.168.0.212,35.190.80.1,TCP,146
2025-07-24 11:53:52,192.168.0.212,35.190.80.1,TCP,85
2025-07-24 11:53:52,192.168.0.212,35.190.80.1,TCP,450
2025-07-24 11:53:52,35.190.80.1,192.168.0.212,UDP,82
2025-07-24 11:53:52,35.190.80.1,192.168.0.212,UDP,1292
2025-07-24 11:53:52,35.190.80.1,192.168.0.212,UDP,1292
2025-07-24 11:53:52,192.168.0.212,35.190.80.1,UDP,1292
2025-07-24 11:53:52,192.168.0.212,35.190.80.1,UDP,199
2025-07-24 11:53:52,172.64.155.209,192.168.0.212,TCP,178
2025-07-24 11:53:52,192.168.0.60,224.0.0.252,UDP,75
2025-07-24 11:53:52,192.168.0.60,224.0.0.252,UDP,75
2025-07-24 11:53:52,35.190.80.1,192.168.0.212,TCP,60
2025-07-24 11:53:52,35.190.80.1,192.168.0.212,TCP,60
2025-07-24 11:53:52,35.190.80.1,192.168.0.212,TCP,85
2025-07-24 11:53:52,35.190.80.1,192.168.0.212,TCP,60
2025-07-24 11:53:52,192.168.0.212,35.190.80.1,UDP,74
2025-07-24 11:53:52,192.168.0.60,224.0.0.251,UDP,81
2025-07-24 11:53:52,192.168.0.60,224.0.0.251,UDP,81
2025-07-24 11:53:52,192.168.0.212,74.125.130.188,TCP,55
2025-07-24 11:53:52,192.168.0.212,172.64.155.209,TCP,54
2025-07-24 11:53:52,35.190.80.1,192.168.0.212,UDP,560
2025-07-24 11:53:52,35.190.80.1,192.168.0.212,UDP,163
2025-07-24 11:53:52,35.190.80.1,192.168.0.212,UDP,66
2025-07-24 11:53:52,192.168.0.212,35.190.80.1,UDP,73
2025-07-24 11:53:52,192.168.0.212,35.190.80.1,TCP,54
2025-07-24 11:53:52,74.125.130.188,192.168.0.212,TCP,66
2025-07-24 11:53:53,192.168.0.60,224.0.0.251,UDP,81
2025-07-24 11:53:53,192.168.0.60,224.0.0.251,UDP,81
2025-07-24 11:53:53,172.64.155.209,192.168.0.212,TCP,170
2025-07-24 11:53:53,172.64.155.209,192.168.0.212,TCP,154
2025-07-24 11:53:53,172.64.155.209,192.168.0.212,TCP,154
2025-07-24 11:53:53,172.64.155.209,192.168.0.212,TCP,170
2025-07-24 11:53:53,172.64.155.209,192.168.0.212,TCP,386
2025-07-24 11:53:53,192.168.0.212,172.64.155.209,TCP,66
2025-07-24 11:53:53,192.168.0.212,172.64.155.209,TCP,66
2025-07-24 11:53:53,192.168.0.212,172.64.155.209,TCP,89
2025-07-24 11:53:53,35.190.80.1,192.168.0.212,TCP,290
2025-07-24 11:53:53,35.190.80.1,192.168.0.212,TCP,290
2025-07-24 11:53:53,192.168.0.212,35.190.80.1,TCP,66
2025-07-24 11:53:53,35.190.80.1,192.168.0.212,TCP,290
2025-07-24 11:53:53,192.168.0.60,224.0.0.252,UDP,75
2025-07-24 11:53:53,192.168.0.60,224.0.0.252,UDP,75
2025-07-24 11:53:53,192.168.0.212,35.190.80.1,TCP,66
2025-07-24 11:53:53,192.168.0.212,35.190.80.1,TCP,93
2025-07-24 11:53:53,192.168.0.212,35.190.80.1,TCP,89
2025-07-24 11:53:53,192.168.0.212,35.190.80.1,UDP,863
2025-07-24 11:53:53,172.64.155.209,192.168.0.212,TCP,178
2025-07-24 11:53:53,192.168.0.60,224.0.0.251,UDP,81
2025-07-24 11:53:53,192.168.0.60,224.0.0.251,UDP,81
2025-07-24 11:53:53,35.190.80.1,192.168.0.212,TCP,60
2025-07-24 11:53:53,35.190.80.1,192.168.0.212,TCP,60
2025-07-24 11:53:53,192.168.0.212,172.64.155.209,TCP,54
2025-07-24 11:53:53,35.190.80.1,192.168.0.212,UDP,70
2025-07-24 11:53:53,35.190.80.1,192.168.0.212,UDP,70
2025-07-24 11:53:53,192.168.0.212,35.190.80.1,UDP,74
2025-07-24 11:53:53,172.64.155.209,192.168.0.212,TCP,186
2025-07-24 11:53:53,192.168.0.212,172.64.155.209,TCP,54
2025-07-24 11:53:53,35.190.80.1,192.168.0.212,UDP,164
2025-07-24 11:53:53,192.168.0.212,35.190.80.1,UDP,78
2025-07-24 11:53:53,192.168.0.212,34.139.114.151,TCP,55
2025-07-24 11:53:53,35.190.80.1,192.168.0.212,UDP,66
2025-07-24 11:53:53,172.64.155.209,192.168.0.212,TCP,162
2025-07-24 11:53:54,192.168.0.60,224.0.0.252,UDP,75
2025-07-24 11:53:54,192.168.0.60,224.0.0.252,UDP,75
2025-07-24 11:53:54,192.168.0.212,172.64.155.209,TCP,54
2025-07-24 11:53:54,34.139.114.151,192.168.0.212,TCP,60
2025-07-24 11:53:54,172.64.155.209,192.168.0.212,TCP,178
2025-07-24 11:53:54,192.168.0.212,172.64.155.209,TCP,54
2025-07-24 11:53:54,192.168.0.187,224.0.0.251,UDP,119
2025-07-24 11:53:54,0.0.0.0,255.255.255.255,UDP,364
2025-07-24 11:53:54,192.168.0.212,224.0.0.22,OTHER,54
2025-07-24 11:53:54,192.168.0.212,8.8.8.8,UDP,83
2025-07-24 11:53:54,192.168.0.212,224.0.0.22,OTHER,54
2025-07-24 11:53:54,192.168.0.212,224.0.0.251,UDP,81
2025-07-24 11:53:54,192.168.0.212,224.0.0.251,UDP,119
2025-07-24 11:53:54,192.168.0.212,224.0.0.252,UDP,75
2025-07-24 11:53:54,172.64.155.209,192.168.0.212,TCP,186
2025-07-24 11:53:54,192.168.0.212,172.64.155.209,TCP,66
2025-07-24 11:53:54,192.168.0.212,8.8.4.4,UDP,83
2025-07-24 11:53:54,172.64.155.209,192.168.0.212,TCP,178
2025-07-24 11:53:54,192.168.0.212,172.64.155.209,TCP,66
2025-07-24 11:53:54,8.8.8.8,192.168.0.212,UDP,227
2025-07-24 11:53:54,192.168.0.212,123.176.32.147,TCP,66
2025-07-24 11:53:54,172.64.155.209,192.168.0.212,TCP,218
2025-07-24 11:53:54,123.176.32.147,192.168.0.212,TCP,66
2025-07-24 11:53:54,123.176.32.147,192.168.0.212,TCP,66
2025-07-24 11:53:54,192.168.0.212,123.176.32.147,TCP,66
2025-07-24 11:53:54,192.168.0.212,123.176.32.147,TCP,208
2025-07-24 11:53:54,8.8.4.4,192.168.0.212,UDP,227
2025-07-24 11:53:54,192.168.0.212,172.64.155.209,TCP,54
2025-07-24 11:53:54,123.176.32.147,192.168.0.212,TCP,60
2025-07-24 11:53:54,123.176.32.147,192.168.0.212,TCP,241
2025-07-24 11:53:54,123.176.32.147,192.168.0.212,TCP,60
2025-07-24 11:53:54,192.168.0.212,123.176.32.147,TCP,54
2025-07-24 11:53:54,192.168.0.212,123.176.32.147,TCP,54
2025-07-24 11:53:54,192.168.0.212,123.176.32.147,TCP,54
2025-07-24 11:53:54,123.176.32.147,192.168.0.212,TCP,60
2025-07-24 11:53:54,192.168.0.212,224.0.0.22,OTHER,70
2025-07-24 11:53:55,192.168.0.212,4.213.25.240,TCP,153
2025-07-24 11:53:55,172.64.155.209,192.168.0.212,TCP,178
2025-07-24 11:53:55,192.168.0.212,172.64.155.209,TCP,54
2025-07-24 11:53:55,172.64.155.209,192.168.0.212,TCP,186
2025-07-24 11:53:55,192.168.0.212,172.64.155.209,TCP,54
2025-07-24 11:53:55,192.168.0.212,4.213.25.240,TCP,153
2025-07-24 11:53:55,4.213.25.240,192.168.0.212,TCP,223
2025-07-24 11:53:55,192.168.0.212,4.213.25.240,TCP,54
2025-07-24 11:53:55,4.213.25.240,192.168.0.212,TCP,66
2025-07-24 11:53:55,172.64.155.209,192.168.0.212,TCP,162
2025-07-24 11:53:55,192.168.0.212,224.0.0.22,OTHER,62
2025-07-24 11:53:55,192.168.0.212,172.64.155.209,TCP,54
2025-07-24 11:53:55,172.64.155.209,192.168.0.212,TCP,138
2025-07-24 11:53:55,192.168.0.212,172.64.155.209,TCP,89
2025-07-24 11:53:55,172.64.155.209,192.168.0.212,TCP,60
2025-07-24 11:53:55,172.64.155.209,192.168.0.212,TCP,138
2025-07-24 11:53:55,192.168.0.212,8.8.4.4,TCP,55
2025-07-24 11:53:55,8.8.4.4,192.168.0.212,TCP,66
2025-07-24 11:53:55,192.168.0.212,172.64.155.209,TCP,54
2025-07-24 11:53:56,172.64.155.209,192.168.0.212,TCP,194
2025-07-24 11:53:56,192.168.0.212,172.64.155.209,TCP,54
2025-07-24 11:53:56,172.64.155.209,192.168.0.212,TCP,138
2025-07-24 11:53:56,192.168.0.212,172.64.155.209,TCP,54
2025-07-24 11:53:56,172.64.155.209,192.168.0.212,TCP,178
2025-07-24 11:53:56,192.168.0.212,172.64.155.209,TCP,54
2025-07-24 11:53:56,0.0.0.0,255.255.255.255,UDP,364
2025-07-24 11:53:56,192.168.0.212,104.18.32.47,TCP,1104
2025-07-24 11:53:56,192.168.0.212,8.8.4.4,TCP,283
2025-07-24 11:53:56,192.168.0.212,8.8.4.4,TCP,244
2025-07-24 11:53:56,104.18.32.47,192.168.0.212,TCP,60
2025-07-24 11:53:56,8.8.4.4,192.168.0.212,TCP,60
2025-07-24 11:53:56,8.8.4.4,192.168.0.212,TCP,93
2025-07-24 11:53:56,8.8.4.4,192.168.0.212,TCP,162
2025-07-24 11:53:56,8.8.4.4,192.168.0.212,TCP,553
2025-07-24 11:53:56,8.8.4.4,192.168.0.212,TCP,85
2025-07-24 11:53:56,8.8.4.4,192.168.0.212,TCP,93
2025-07-24 11:53:56,192.168.0.212,8.8.4.4,TCP,54
2025-07-24 11:53:56,192.168.0.212,8.8.4.4,TCP,128
2025-07-24 11:53:56,192.168.0.1,255.255.255.255,UDP,367
2025-07-24 11:53:56,8.8.4.4,192.168.0.212,TCP,139
2025-07-24 11:53:56,8.8.4.4,192.168.0.212,TCP,553
2025-07-24 11:53:56,8.8.4.4,192.168.0.212,TCP,85
2025-07-24 11:53:56,192.168.0.212,8.8.4.4,TCP,54
2025-07-24 11:53:56,104.18.32.47,192.168.0.212,TCP,611
2025-07-24 11:53:56,104.18.32.47,192.168.0.212,TCP,101
2025-07-24 11:53:56,104.18.32.47,192.168.0.212,TCP,85
2025-07-24 11:53:56,192.168.0.212,104.18.32.47,TCP,54
2025-07-24 11:53:56,8.8.4.4,192.168.0.212,TCP,60
2025-07-24 11:53:56,192.168.0.212,224.0.0.22,OTHER,54
2025-07-24 11:53:56,172.64.155.209,192.168.0.212,TCP,178
2025-07-24 11:53:56,192.168.0.212,104.18.32.47,TCP,89
2025-07-24 11:53:56,192.168.0.212,224.0.0.22,OTHER,54
2025-07-24 11:53:56,192.168.0.212,224.0.0.22,OTHER,54
2025-07-24 11:53:56,192.168.0.212,224.0.0.22,OTHER,54
2025-07-24 11:53:56,192.168.0.212,224.0.0.251,UDP,81
2025-07-24 11:53:56,192.168.0.212,224.0.0.251,UDP,119
2025-07-24 11:53:56,104.18.32.47,192.168.0.212,TCP,60
2025-07-24 11:53:56,192.168.0.212,224.0.0.252,UDP,75
2025-07-24 11:53:56,192.168.0.212,172.64.155.209,TCP,54
2025-07-24 11:53:56,172.64.155.209,192.168.0.212,TCP,178
2025-07-24 11:53:56,192.168.0.212,172.64.155.209,TCP,54
2025-07-24 11:53:56,192.168.0.212,224.0.0.22,OTHER,54
2025-07-24 11:53:57,172.64.155.209,192.168.0.212,TCP,162
2025-07-24 11:53:57,192.168.0.212,172.64.155.209,TCP,54
2025-07-24 11:53:57,172.64.155.209,192.168.0.212,TCP,162
2025-07-24 11:53:57,192.168.0.212,172.64.155.209,TCP,54
2025-07-24 11:53:57,172.64.155.209,192.168.0.212,TCP,162
2025-07-24 11:53:57,192.168.0.212,172.64.155.209,TCP,54
2025-07-24 11:53:57,172.64.155.209,192.168.0.212,TCP,178
2025-07-24 11:53:57,192.168.0.212,172.64.155.209,TCP,54
2025-07-24 11:53:58,192.168.0.212,204.79.197.203,TCP,55
2025-07-24 11:53:58,172.64.155.209,192.168.0.212,TCP,186
2025-07-24 11:53:58,192.168.0.212,150.171.28.10,TCP,78
2025-07-24 11:53:58,192.168.0.212,150.171.28.10,TCP,54
2025-07-24 11:53:58,192.168.0.212,150.171.27.12,TCP,78
2025-07-24 11:53:58,192.168.0.212,151.101.194.217,TCP,54
2025-07-24 11:53:58,192.168.0.212,150.171.27.12,TCP,54
2025-07-24 11:53:58,192.168.0.212,54.230.27.123,TCP,78
2025-07-24 11:53:58,192.168.0.212,52.231.230.148,TCP,54
2025-07-24 11:53:58,192.168.0.212,204.79.197.203,TCP,78
2025-07-24 11:53:58,192.168.0.212,204.79.197.203,TCP,54
2025-07-24 11:53:58,192.168.0.212,54.230.27.123,TCP,54
2025-07-24 11:53:58,192.168.0.212,13.107.253.58,TCP,78
2025-07-24 11:53:58,192.168.0.212,13.107.253.58,TCP,54
2025-07-24 11:53:58,192.168.0.212,8.8.8.8,TCP,78
2025-07-24 11:53:58,192.168.0.212,8.8.8.8,TCP,54
2025-07-24 11:53:58,192.168.0.212,13.107.246.58,TCP,78
2025-07-24 11:53:58,192.168.0.212,150.171.28.11,TCP,54
2025-07-24 11:53:58,192.168.0.212,204.79.197.203,TCP,78
2025-07-24 11:53:58,192.168.0.212,8.8.4.4,TCP,78
2025-07-24 11:53:58,192.168.0.212,8.8.8.8,TCP,78
2025-07-24 11:53:58,192.168.0.212,13.107.246.58,TCP,54
2025-07-24 11:53:58,192.168.0.212,8.8.4.4,TCP,54
2025-07-24 11:53:58,192.168.0.212,8.8.8.8,TCP,54
2025-07-24 11:53:58,192.168.0.212,204.79.197.203,TCP,54
2025-07-24 11:53:58,192.168.0.212,8.8.4.4,TCP,78
2025-07-24 11:53:58,192.168.0.212,8.8.4.4,TCP,54
2025-07-24 11:53:58,192.168.0.212,8.8.4.4,TCP,78
2025-07-24 11:53:58,192.168.0.212,8.8.4.4,TCP,54
2025-07-24 11:53:58,192.168.0.212,35.190.80.1,TCP,78
2025-07-24 11:53:58,192.168.0.212,104.18.32.47,TCP,78
2025-07-24 11:53:58,192.168.0.212,104.18.32.47,TCP,54
2025-07-24 11:53:58,192.168.0.212,35.190.80.1,TCP,54
2025-07-24 11:53:58,192.168.0.212,104.18.43.204,TCP,78
2025-07-24 11:53:58,192.168.0.212,104.18.43.204,TCP,54
2025-07-24 11:53:58,204.79.197.203,192.168.0.212,TCP,66
2025-07-24 11:53:58,150.171.28.10,192.168.0.212,TCP,60
2025-07-24 11:53:58,150.171.28.10,192.168.0.212,TCP,60
2025-07-24 11:53:58,204.79.197.203,192.168.0.212,TCP,60
2025-07-24 11:53:58,150.171.27.12,192.168.0.212,TCP,60
2025-07-24 11:53:58,151.101.194.217,192.168.0.212,TCP,60
2025-07-24 11:53:58,150.171.28.10,192.168.0.212,TCP,60
2025-07-24 11:53:58,204.79.197.203,192.168.0.212,TCP,60
2025-07-24 11:53:58,204.79.197.203,192.168.0.212,TCP,60
2025-07-24 11:53:58,54.230.27.123,192.168.0.212,TCP,60
2025-07-24 11:53:58,150.171.27.12,192.168.0.212,TCP,60
2025-07-24 11:53:58,150.171.27.12,192.168.0.212,TCP,60
2025-07-24 11:53:58,151.101.194.217,192.168.0.212,TCP,60
2025-07-24 11:53:58,151.101.194.217,192.168.0.212,TCP,85
2025-07-24 11:53:58,192.168.0.212,151.101.194.217,TCP,54
2025-07-24 11:53:58,192.168.0.212,54.230.27.123,TCP,54
2025-07-24 11:53:58,192.168.0.212,151.101.194.217,TCP,54
2025-07-24 11:53:58,192.168.0.212,172.64.155.209,TCP,54
2025-07-24 11:53:58,13.107.253.58,192.168.0.212,TCP,60
2025-07-24 11:53:58,192.168.0.212,13.107.253.58,TCP,54
2025-07-24 11:53:58,104.18.32.47,192.168.0.212,TCP,60
2025-07-24 11:53:58,104.18.43.204,192.168.0.212,TCP,60
2025-07-24 11:53:58,104.18.32.47,192.168.0.212,TCP,60
2025-07-24 11:53:58,192.168.0.212,104.18.32.47,TCP,54
2025-07-24 11:53:58,192.168.0.212,104.18.43.204,TCP,54
2025-07-24 11:53:58,8.8.4.4,192.168.0.212,TCP,60
2025-07-24 11:53:58,8.8.8.8,192.168.0.212,TCP,60
2025-07-24 11:53:58,8.8.8.8,192.168.0.212,TCP,60
2025-07-24 11:53:58,8.8.4.4,192.168.0.212,TCP,60
2025-07-24 11:53:58,192.168.0.212,8.8.4.4,TCP,54
2025-07-24 11:53:58,192.168.0.212,8.8.8.8,TCP,54
2025-07-24 11:53:58,151.101.194.217,192.168.0.212,TCP,60
2025-07-24 11:53:58,204.79.197.203,192.168.0.212,TCP,60
2025-07-24 11:53:58,204.79.197.203,192.168.0.212,TCP,60
2025-07-24 11:53:58,150.171.28.11,192.168.0.212,TCP,60
2025-07-24 11:53:58,150.171.28.11,192.168.0.212,TCP,60
2025-07-24 11:53:58,13.107.246.58,192.168.0.212,TCP,60
2025-07-24 11:53:58,13.107.246.58,192.168.0.212,TCP,60
2025-07-24 11:53:58,8.8.8.8,192.168.0.212,TCP,60
2025-07-24 11:53:58,8.8.8.8,192.168.0.212,TCP,60
2025-07-24 11:53:58,8.8.4.4,192.168.0.212,TCP,60
2025-07-24 11:53:58,8.8.4.4,192.168.0.212,TCP,60
2025-07-24 11:53:58,8.8.4.4,192.168.0.212,TCP,60
2025-07-24 11:53:58,35.190.80.1,192.168.0.212,TCP,60
2025-07-24 11:53:58,35.190.80.1,192.168.0.212,TCP,60
2025-07-24 11:53:58,8.8.4.4,192.168.0.212,TCP,60
2025-07-24 11:53:58,8.8.4.4,192.168.0.212,TCP,60
2025-07-24 11:53:58,52.231.230.148,192.168.0.212,TCP,60
2025-07-24 11:53:58,150.171.28.11,192.168.0.212,TCP,60
2025-07-24 11:53:58,192.168.0.212,150.171.28.11,TCP,54
2025-07-24 11:53:58,192.168.0.212,35.190.80.1,TCP,54
2025-07-24 11:53:58,192.168.0.212,150.171.28.11,TCP,54
2025-07-24 11:53:58,192.168.0.212,8.8.4.4,TCP,54
2025-07-24 11:53:58,192.168.0.212,8.8.8.8,TCP,54
2025-07-24 11:53:58,192.168.0.212,13.107.246.58,TCP,54
2025-07-24 11:53:58,192.168.0.212,8.8.4.4,TCP,54
2025-07-24 11:53:58,172.64.155.209,192.168.0.212,TCP,178
2025-07-24 11:53:58,192.168.0.212,172.64.155.209,TCP,54
2025-07-24 11:53:58,172.64.155.209,192.168.0.212,TCP,154
2025-07-24 11:53:58,192.168.0.212,172.64.155.209,TCP,54
2025-07-24 11:53:58,172.64.155.209,192.168.0.212,TCP,138
2025-07-24 11:53:58,192.168.0.212,172.64.155.209,TCP,89
2025-07-24 11:53:58,172.64.155.209,192.168.0.212,TCP,60
2025-07-24 11:53:58,172.64.155.209,192.168.0.212,TCP,186
2025-07-24 11:53:58,192.168.0.212,172.64.155.209,TCP,54
2025-07-24 11:53:59,172.64.155.209,192.168.0.212,TCP,162
2025-07-24 11:53:59,192.168.0.212,172.64.155.209,TCP,54
2025-07-24 11:53:59,172.64.155.209,192.168.0.212,TCP,482
2025-07-24 11:53:59,192.168.0.212,172.64.155.209,TCP,54
2025-07-24 11:53:59,192.168.0.212,74.125.130.188,TCP,54
2025-07-24 11:53:59,172.64.155.209,192.168.0.212,TCP,187
2025-07-24 11:53:59,192.168.0.212,172.64.155.209,TCP,54
2025-07-24 11:53:59,192.168.0.212,74.125.130.188,TCP,54
2025-07-24 11:53:59,74.125.130.188,192.168.0.212,TCP,60
2025-07-24 11:54:00,192.168.0.212,8.8.8.8,UDP,68
2025-07-24 11:54:00,8.8.8.8,192.168.0.212,UDP,143
2025-07-24 11:54:00,192.168.0.212,8.8.8.8,UDP,70
2025-07-24 11:54:00,192.168.0.212,8.8.8.8,UDP,70
2025-07-24 11:54:00,8.8.8.8,192.168.0.212,UDP,102
2025-07-24 11:54:00,8.8.8.8,192.168.0.212,UDP,146
2025-07-24 11:54:00,192.168.0.212,8.8.4.4,TCP,66
2025-07-24 11:54:00,8.8.4.4,192.168.0.212,TCP,66
2025-07-24 11:54:00,192.168.0.212,8.8.4.4,TCP,54
2025-07-24 11:54:00,192.168.0.212,8.8.4.4,TCP,2320
2025-07-24 11:54:00,8.8.4.4,192.168.0.212,TCP,60
2025-07-24 11:54:00,8.8.4.4,192.168.0.212,TCP,60
2025-07-24 11:54:00,8.8.4.4,192.168.0.212,TCP,1466
2025-07-24 11:54:00,8.8.4.4,192.168.0.212,TCP,101
2025-07-24 11:54:00,192.168.0.212,8.8.4.4,TCP,54
2025-07-24 11:54:00,192.168.0.212,8.8.4.4,TCP,128
2025-07-24 11:54:00,192.168.0.212,8.8.4.4,TCP,146
2025-07-24 11:54:00,192.168.0.212,8.8.4.4,TCP,297
2025-07-24 11:54:00,192.168.0.212,8.8.4.4,TCP,249
2025-07-24 11:54:00,192.168.0.212,8.8.4.4,TCP,244
2025-07-24 11:54:00,192.168.0.142,224.0.0.251,UDP,93
2025-07-24 11:54:00,8.8.4.4,192.168.0.212,TCP,1004
2025-07-24 11:54:00,8.8.4.4,192.168.0.212,TCP,85
2025-07-24 11:54:00,8.8.4.4,192.168.0.212,TCP,60
2025-07-24 11:54:00,8.8.4.4,192.168.0.212,TCP,344
2025-07-24 11:54:00,8.8.4.4,192.168.0.212,TCP,553
2025-07-24 11:54:00,8.8.4.4,192.168.0.212,TCP,85
2025-07-24 11:54:00,8.8.4.4,192.168.0.212,TCP,93
2025-07-24 11:54:00,8.8.4.4,192.168.0.212,TCP,138
2025-07-24 11:54:00,8.8.4.4,192.168.0.212,TCP,553
2025-07-24 11:54:00,8.8.4.4,192.168.0.212,TCP,85
2025-07-24 11:54:00,8.8.4.4,192.168.0.212,TCP,139
2025-07-24 11:54:00,8.8.4.4,192.168.0.212,TCP,553
2025-07-24 11:54:00,8.8.4.4,192.168.0.212,TCP,85
2025-07-24 11:54:00,192.168.0.212,8.8.4.4,TCP,54
2025-07-24 11:54:00,192.168.0.212,142.251.10.188,TCP,66
2025-07-24 11:54:00,192.168.0.212,172.64.155.209,TCP,66
2025-07-24 11:54:00,192.168.0.212,8.8.4.4,TCP,85
2025-07-24 11:54:00,192.168.0.212,8.8.4.4,TCP,93
2025-07-24 11:54:00,172.64.155.209,192.168.0.212,TCP,66
2025-07-24 11:54:00,192.168.0.212,172.64.155.209,TCP,54
2025-07-24 11:54:00,192.168.0.212,172.64.155.209,TCP,2014
2025-07-24 11:54:00,8.8.4.4,192.168.0.212,TCP,85
2025-07-24 11:54:00,8.8.4.4,192.168.0.212,TCP,60
2025-07-24 11:54:00,192.168.0.212,8.8.4.4,TCP,66
2025-07-24 11:54:00,192.168.0.212,172.64.155.209,TCP,1454
2025-07-24 11:54:00,172.64.155.209,192.168.0.212,TCP,60
2025-07-24 11:54:00,172.64.155.209,192.168.0.212,TCP,60
2025-07-24 11:54:00,172.64.155.209,192.168.0.212,TCP,66
2025-07-24 11:54:00,172.64.155.209,192.168.0.212,TCP,1429
2025-07-24 11:54:00,192.168.0.212,172.64.155.209,TCP,118
2025-07-24 11:54:00,192.168.0.212,172.64.155.209,TCP,146
2025-07-24 11:54:00,192.168.0.212,172.64.155.209,TCP,5279
2025-07-24 11:54:00,192.168.0.212,172.64.155.209,TCP,6683
2025-07-24 11:54:00,192.168.0.212,172.64.155.209,TCP,2854
2025-07-24 11:54:00,142.251.10.188,192.168.0.212,TCP,66
2025-07-24 11:54:00,192.168.0.212,142.251.10.188,TCP,54
2025-07-24 11:54:00,192.168.0.212,142.251.10.188,TCP,1753
2025-07-24 11:54:00,172.64.155.209,192.168.0.212,TCP,60
2025-07-24 11:54:00,172.64.155.209,192.168.0.212,TCP,582
2025-07-24 11:54:00,172.64.155.209,192.168.0.212,TCP,85
2025-07-24 11:54:00,192.168.0.212,172.64.155.209,TCP,7054
2025-07-24 11:54:00,172.64.155.209,192.168.0.212,TCP,60
2025-07-24 11:54:00,172.64.155.209,192.168.0.212,TCP,60
2025-07-24 11:54:00,172.64.155.209,192.168.0.212,TCP,60
2025-07-24 11:54:00,172.64.155.209,192.168.0.212,TCP,60
2025-07-24 11:54:00,192.168.0.212,172.64.155.209,TCP,6564
2025-07-24 11:54:00,172.64.155.209,192.168.0.212,TCP,60
2025-07-24 11:54:00,142.251.10.188,192.168.0.212,TCP,60
2025-07-24 11:54:00,142.251.10.188,192.168.0.212,TCP,1466
2025-07-24 11:54:00,142.251.10.188,192.168.0.212,TCP,1466
2025-07-24 11:54:00,142.251.10.188,192.168.0.212,TCP,1466
2025-07-24 11:54:00,142.251.10.188,192.168.0.212,TCP,1466
2025-07-24 11:54:00,142.251.10.188,192.168.0.212,TCP,1466
2025-07-24 11:54:00,142.251.10.188,192.168.0.212,TCP,691
2025-07-24 11:54:00,192.168.0.212,142.251.10.188,TCP,54
2025-07-24 11:54:00,192.168.0.212,142.251.10.188,TCP,118
2025-07-24 11:54:00,192.168.0.212,142.251.10.188,TCP,264
2025-07-24 11:54:00,192.168.0.56,224.0.0.251,UDP,290
2025-07-24 11:54:00,192.168.0.142,224.0.0.251,UDP,93
2025-07-24 11:54:00,142.251.10.188,192.168.0.212,TCP,60
2025-07-24 11:54:00,142.251.10.188,192.168.0.212,TCP,591
2025-07-24 11:54:00,192.168.0.212,142.251.10.188,TCP,54
2025-07-24 11:54:00,142.251.10.188,192.168.0.212,TCP,143
2025-07-24 11:54:00,142.251.10.188,192.168.0.212,TCP,88
2025-07-24 11:54:00,192.168.0.212,142.251.10.188,TCP,54
2025-07-24 11:54:00,172.64.155.209,192.168.0.212,TCP,424
2025-07-24 11:54:00,172.64.155.209,192.168.0.212,TCP,85
2025-07-24 11:54:00,192.168.0.212,172.64.155.209,TCP,54
2025-07-24 11:54:00,192.168.0.212,172.64.155.209,TCP,78
2025-07-24 11:54:00,192.168.0.212,172.64.155.209,TCP,54
2025-07-24 11:54:00,172.64.155.209,192.168.0.212,TCP,733
2025-07-24 11:54:00,172.64.155.209,192.168.0.212,TCP,327
2025-07-24 11:54:00,192.168.0.212,172.64.155.209,TCP,54
2025-07-24 11:54:00,172.64.155.209,192.168.0.212,TCP,60
2025-07-24 11:54:00,172.64.155.209,192.168.0.212,TCP,60
2025-07-24 11:54:00,192.168.0.212,172.64.155.209,TCP,54
2025-07-24 11:54:00,172.64.155.209,192.168.0.212,TCP,101
2025-07-24 11:54:00,172.64.155.209,192.168.0.212,TCP,85
2025-07-24 11:54:00,172.64.155.209,192.168.0.212,TCP,330
2025-07-24 11:54:00,172.64.155.209,192.168.0.212,TCP,101
2025-07-24 11:54:00,172.64.155.209,192.168.0.212,TCP,85
2025-07-24 11:54:00,192.168.0.212,172.64.155.209,TCP,54
2025-07-24 11:54:00,172.64.155.209,192.168.0.212,TCP,348
2025-07-24 11:54:00,172.64.155.209,192.168.0.212,TCP,105
2025-07-24 11:54:00,172.64.155.209,192.168.0.212,TCP,85
2025-07-24 11:54:00,192.168.0.212,172.64.155.209,TCP,54
2025-07-24 11:54:00,172.64.155.209,192.168.0.212,TCP,101
2025-07-24 11:54:00,172.64.155.209,192.168.0.212,TCP,85
2025-07-24 11:54:00,192.168.0.212,172.64.155.209,TCP,54
2025-07-24 11:54:00,192.168.0.142,224.0.0.251,UDP,93
2025-07-24 11:54:01,192.168.0.142,224.0.0.251,UDP,737
2025-07-24 11:54:01,192.168.0.142,224.0.0.251,UDP,673
2025-07-24 11:54:01,192.168.0.1,255.255.255.255,UDP,498
2025-07-24 11:54:02,192.168.0.210,239.255.255.250,UDP,175
2025-07-24 11:54:02,192.168.0.210,239.255.255.250,UDP,175
2025-07-24 11:54:02,192.168.0.53,255.255.255.255,UDP,780
2025-07-24 11:54:02,192.168.0.212,224.0.0.251,UDP,82
2025-07-24 11:54:02,192.168.0.212,224.0.0.251,UDP,82
2025-07-24 11:54:02,192.168.0.228,224.0.0.251,UDP,119
2025-07-24 11:54:03,192.168.0.212,224.0.0.251,UDP,82
2025-07-24 11:54:03,192.168.0.212,224.0.0.251,UDP,82
2025-07-24 11:54:03,192.168.0.212,224.0.0.251,UDP,82
2025-07-24 11:54:03,192.168.0.212,224.0.0.251,UDP,82
2025-07-24 11:54:03,192.168.0.21,255.255.255.255,UDP,792
2025-07-24 11:54:03,192.168.0.212,172.64.155.209,TCP,7101
2025-07-24 11:54:03,172.64.155.209,192.168.0.212,TCP,60
2025-07-24 11:54:04,172.64.155.209,192.168.0.212,TCP,369
2025-07-24 11:54:04,172.64.155.209,192.168.0.212,TCP,87
2025-07-24 11:54:04,192.168.0.212,172.64.155.209,TCP,54
2025-07-24 11:54:04,172.64.155.209,192.168.0.212,TCP,357
2025-07-24 11:54:04,172.64.155.209,192.168.0.212,TCP,86
2025-07-24 11:54:04,172.64.155.209,192.168.0.212,TCP,85
2025-07-24 11:54:04,192.168.0.212,172.64.155.209,TCP,54
2025-07-24 11:54:04,192.168.0.212,224.0.0.251,UDP,82
2025-07-24 11:54:04,192.168.0.212,224.0.0.251,UDP,82
2025-07-24 11:54:05,192.168.0.171,224.0.0.251,UDP,100
2025-07-24 11:54:05,192.168.0.212,224.0.0.251,UDP,82
2025-07-24 11:54:05,192.168.0.212,224.0.0.251,UDP,82
2025-07-24 11:54:05,192.168.0.212,8.8.8.8,UDP,70
2025-07-24 11:54:05,192.168.0.212,8.8.8.8,UDP,70
2025-07-24 11:54:05,8.8.8.8,192.168.0.212,UDP,102
2025-07-24 11:54:05,8.8.8.8,192.168.0.212,UDP,146
2025-07-24 11:54:05,192.168.0.212,8.8.8.8,TCP,66
2025-07-24 11:54:05,8.8.8.8,192.168.0.212,TCP,66
2025-07-24 11:54:05,192.168.0.212,8.8.8.8,TCP,54
2025-07-24 11:54:05,192.168.0.212,8.8.8.8,TCP,2320
2025-07-24 11:54:05,8.8.8.8,192.168.0.212,TCP,60
2025-07-24 11:54:05,8.8.8.8,192.168.0.212,TCP,60
2025-07-24 11:54:05,8.8.8.8,192.168.0.212,TCP,1466
2025-07-24 11:54:05,8.8.8.8,192.168.0.212,TCP,101
2025-07-24 11:54:05,192.168.0.212,8.8.8.8,TCP,54
2025-07-24 11:54:05,192.168.0.212,8.8.8.8,TCP,128
2025-07-24 11:54:05,192.168.0.212,8.8.8.8,TCP,146
2025-07-24 11:54:05,192.168.0.212,8.8.8.8,TCP,298
2025-07-24 11:54:05,192.168.0.212,8.8.8.8,TCP,244
2025-07-24 11:54:05,192.168.0.212,8.8.8.8,TCP,244
2025-07-24 11:54:05,192.168.0.212,8.8.8.8,TCP,246
2025-07-24 11:54:05,8.8.8.8,192.168.0.212,TCP,1004
2025-07-24 11:54:05,192.168.0.212,8.8.8.8,TCP,85
2025-07-24 11:54:05,8.8.8.8,192.168.0.212,TCP,85
2025-07-24 11:54:05,8.8.8.8,192.168.0.212,TCP,60
2025-07-24 11:54:05,8.8.8.8,192.168.0.212,TCP,341
2025-07-24 11:54:05,8.8.8.8,192.168.0.212,TCP,553
2025-07-24 11:54:05,8.8.8.8,192.168.0.212,TCP,85
2025-07-24 11:54:05,8.8.8.8,192.168.0.212,TCP,155
2025-07-24 11:54:05,8.8.8.8,192.168.0.212,TCP,553
2025-07-24 11:54:05,8.8.8.8,192.168.0.212,TCP,85
2025-07-24 11:54:05,192.168.0.212,8.8.8.8,TCP,54
2025-07-24 11:54:05,192.168.0.212,150.171.27.11,TCP,66
2025-07-24 11:54:05,192.168.0.212,8.8.8.8,TCP,93
2025-07-24 11:54:05,8.8.8.8,192.168.0.212,TCP,60
2025-07-24 11:54:05,8.8.8.8,192.168.0.212,TCP,137
2025-07-24 11:54:05,8.8.8.8,192.168.0.212,TCP,553
2025-07-24 11:54:05,8.8.8.8,192.168.0.212,TCP,85
2025-07-24 11:54:05,8.8.8.8,192.168.0.212,TCP,122
2025-07-24 11:54:05,8.8.8.8,192.168.0.212,TCP,553
2025-07-24 11:54:05,8.8.8.8,192.168.0.212,TCP,85
2025-07-24 11:54:05,192.168.0.212,8.8.8.8,TCP,54
2025-07-24 11:54:05,192.168.0.212,13.107.246.58,TCP,66
2025-07-24 11:54:05,8.8.8.8,192.168.0.212,TCP,60
2025-07-24 11:54:06,150.171.27.11,192.168.0.212,TCP,66
2025-07-24 11:54:06,13.107.246.58,192.168.0.212,TCP,66
2025-07-24 11:54:06,192.168.0.212,150.171.27.11,TCP,54
2025-07-24 11:54:06,192.168.0.212,13.107.246.58,TCP,54
2025-07-24 11:54:06,192.168.0.212,150.171.27.11,TCP,1782
2025-07-24 11:54:06,192.168.0.212,13.107.246.58,TCP,1792
2025-07-24 11:54:06,13.107.246.58,192.168.0.212,TCP,60
2025-07-24 11:54:06,150.171.27.11,192.168.0.212,TCP,60
2025-07-24 11:54:06,150.171.27.11,192.168.0.212,TCP,60
2025-07-24 11:54:06,13.107.246.58,192.168.0.212,TCP,153
2025-07-24 11:54:06,150.171.27.11,192.168.0.212,TCP,1514
2025-07-24 11:54:06,150.171.27.11,192.168.0.212,TCP,1514
2025-07-24 11:54:06,150.171.27.11,192.168.0.212,TCP,1514
2025-07-24 11:54:06,150.171.27.11,192.168.0.212,TCP,1514
2025-07-24 11:54:06,150.171.27.11,192.168.0.212,TCP,187
2025-07-24 11:54:06,192.168.0.212,150.171.27.11,TCP,54
2025-07-24 11:54:06,192.168.0.212,13.107.246.58,TCP,606
2025-07-24 11:54:06,192.168.0.212,150.171.27.11,TCP,15894
2025-07-24 11:54:06,13.107.246.58,192.168.0.212,TCP,1464
2025-07-24 11:54:06,13.107.246.58,192.168.0.212,TCP,1464
2025-07-24 11:54:06,192.168.0.212,13.107.246.58,TCP,54
2025-07-24 11:54:06,13.107.246.58,192.168.0.212,TCP,1330
2025-07-24 11:54:06,13.107.246.58,192.168.0.212,TCP,1464
2025-07-24 11:54:06,13.107.246.58,192.168.0.212,TCP,1464
2025-07-24 11:54:06,13.107.246.58,192.168.0.212,TCP,149
2025-07-24 11:54:06,192.168.0.212,13.107.246.58,TCP,54
2025-07-24 11:54:06,192.168.0.212,13.107.246.58,TCP,128
2025-07-24 11:54:06,192.168.0.212,13.107.246.58,TCP,146
2025-07-24 11:54:06,192.168.0.212,13.107.246.58,TCP,350
2025-07-24 11:54:06,150.171.27.11,192.168.0.212,TCP,60
2025-07-24 11:54:06,150.171.27.11,192.168.0.212,TCP,60
2025-07-24 11:54:06,150.171.27.11,192.168.0.212,TCP,60
2025-07-24 11:54:06,150.171.27.11,192.168.0.212,TCP,60
2025-07-24 11:54:06,150.171.27.11,192.168.0.212,TCP,60
2025-07-24 11:54:06,150.171.27.11,192.168.0.212,TCP,60
2025-07-24 11:54:06,150.171.27.11,192.168.0.212,TCP,60
2025-07-24 11:54:06,150.171.27.11,192.168.0.212,TCP,60
2025-07-24 11:54:06,150.171.27.11,192.168.0.212,TCP,60
2025-07-24 11:54:06,150.171.27.11,192.168.0.212,TCP,396
2025-07-24 11:54:06,150.171.27.11,192.168.0.212,TCP,123
2025-07-24 11:54:06,13.107.246.58,192.168.0.212,TCP,60
2025-07-24 11:54:06,13.107.246.58,192.168.0.212,TCP,357
2025-07-24 11:54:06,13.107.246.58,192.168.0.212,TCP,357
2025-07-24 11:54:06,13.107.246.58,192.168.0.212,TCP,125
2025-07-24 11:54:06,13.107.246.58,192.168.0.212,TCP,440
2025-07-24 11:54:06,192.168.0.212,150.171.27.11,TCP,1727
2025-07-24 11:54:06,192.168.0.212,13.107.246.58,TCP,54
2025-07-24 11:54:06,192.168.0.212,150.171.27.11,TCP,92
2025-07-24 11:54:06,192.168.0.212,13.107.246.58,TCP,85
2025-07-24 11:54:06,150.171.27.11,192.168.0.212,TCP,92
2025-07-24 11:54:06,192.168.0.212,150.171.27.11,TCP,54
2025-07-24 11:54:06,13.107.246.58,192.168.0.212,TCP,60
2025-07-24 11:54:06,192.168.0.212,8.8.4.4,TCP,244
2025-07-24 11:54:06,192.168.0.212,8.8.4.4,TCP,244
2025-07-24 11:54:06,150.171.27.11,192.168.0.212,TCP,1412
2025-07-24 11:54:06,150.171.27.11,192.168.0.212,TCP,1161
2025-07-24 11:54:06,150.171.27.11,192.168.0.212,TCP,92
2025-07-24 11:54:06,192.168.0.212,150.171.27.11,TCP,54
2025-07-24 11:54:06,8.8.4.4,192.168.0.212,TCP,60
2025-07-24 11:54:06,192.168.0.212,224.0.0.251,UDP,82
2025-07-24 11:54:06,192.168.0.212,224.0.0.251,UDP,82
2025-07-24 11:54:06,8.8.4.4,192.168.0.212,TCP,161
2025-07-24 11:54:06,8.8.4.4,192.168.0.212,TCP,553
2025-07-24 11:54:06,8.8.4.4,192.168.0.212,TCP,85
2025-07-24 11:54:06,8.8.4.4,192.168.0.212,TCP,154
2025-07-24 11:54:06,8.8.4.4,192.168.0.212,TCP,553
2025-07-24 11:54:06,8.8.4.4,192.168.0.212,TCP,85
2025-07-24 11:54:06,192.168.0.212,8.8.4.4,TCP,54
2025-07-24 11:54:06,192.168.0.212,8.8.4.4,TCP,128
2025-07-24 11:54:06,192.168.0.212,104.18.32.47,TCP,66
2025-07-24 11:54:06,104.18.32.47,192.168.0.212,TCP,66
2025-07-24 11:54:06,192.168.0.212,104.18.32.47,TCP,54
2025-07-24 11:54:06,192.168.0.212,104.18.32.47,TCP,2081
2025-07-24 11:54:06,104.18.32.47,192.168.0.212,TCP,60
2025-07-24 11:54:06,104.18.32.47,192.168.0.212,TCP,60
2025-07-24 11:54:06,104.18.32.47,192.168.0.212,TCP,1429
2025-07-24 11:54:06,192.168.0.212,104.18.32.47,TCP,118
2025-07-24 11:54:06,192.168.0.212,104.18.32.47,TCP,146
2025-07-24 11:54:06,192.168.0.212,104.18.32.47,TCP,1883
2025-07-24 11:54:06,104.18.32.47,192.168.0.212,TCP,582
2025-07-24 11:54:06,192.168.0.212,104.18.32.47,TCP,54
2025-07-24 11:54:06,192.168.0.212,104.18.32.47,TCP,85
2025-07-24 11:54:06,104.18.32.47,192.168.0.212,TCP,85
2025-07-24 11:54:06,104.18.32.47,192.168.0.212,TCP,60
2025-07-24 11:54:06,8.8.4.4,192.168.0.212,TCP,60
2025-07-24 11:54:06,192.168.0.212,104.18.32.47,TCP,54
2025-07-24 11:54:06,104.18.32.47,192.168.0.212,TCP,60
2025-07-24 11:54:06,192.168.0.212,150.171.27.11,TCP,143
2025-07-24 11:54:06,192.168.0.212,150.171.27.11,TCP,971
2025-07-24 11:54:06,150.171.27.11,192.168.0.212,TCP,60
2025-07-24 11:54:06,104.18.32.47,192.168.0.212,TCP,975
2025-07-24 11:54:06,104.18.32.47,192.168.0.212,TCP,101
2025-07-24 11:54:06,104.18.32.47,192.168.0.212,TCP,85
2025-07-24 11:54:06,192.168.0.212,104.18.32.47,TCP,54
2025-07-24 11:54:06,192.168.0.222,255.255.255.255,UDP,913
2025-07-24 11:54:06,150.171.27.11,192.168.0.212,TCP,505
2025-07-24 11:54:06,150.171.27.11,192.168.0.212,TCP,92
2025-07-24 11:54:06,192.168.0.212,150.171.27.11,TCP,54
2025-07-24 11:54:07,192.168.0.212,150.171.27.11,TCP,1047
2025-07-24 11:54:07,150.171.27.11,192.168.0.212,TCP,60
2025-07-24 11:54:07,150.171.27.11,192.168.0.212,TCP,498
2025-07-24 11:54:07,150.171.27.11,192.168.0.212,TCP,92
2025-07-24 11:54:07,192.168.0.212,150.171.27.11,TCP,54
2025-07-24 11:54:07,192.168.0.204,239.255.255.250,UDP,167
2025-07-24 11:54:07,192.168.0.204,239.255.255.250,UDP,167
2025-07-24 11:54:08,192.168.0.212,8.8.8.8,UDP,68
2025-07-24 11:54:08,8.8.8.8,192.168.0.212,UDP,143
2025-07-24 11:54:08,192.168.0.180,192.168.0.255,UDP,92
2025-07-24 11:54:08,192.168.0.180,224.0.0.251,UDP,81
2025-07-24 11:54:08,192.168.0.180,224.0.0.251,UDP,81
2025-07-24 11:54:08,192.168.0.180,224.0.0.252,UDP,75
2025-07-24 11:54:08,192.168.0.180,224.0.0.252,UDP,75
2025-07-24 11:54:08,192.168.0.180,224.0.0.252,UDP,75
2025-07-24 11:54:08,192.168.0.180,224.0.0.252,UDP,75
2025-07-24 11:54:09,192.168.0.67,192.168.0.255,UDP,92
2025-07-24 11:54:09,192.168.0.180,224.0.0.251,UDP,81
2025-07-24 11:54:09,192.168.0.180,224.0.0.251,UDP,81
2025-07-24 11:54:09,192.168.0.204,224.0.0.251,UDP,103
2025-07-24 11:54:09,192.168.0.180,192.168.0.255,UDP,92
2025-07-24 11:54:10,192.168.0.212,8.8.8.8,UDP,70
2025-07-24 11:54:10,192.168.0.212,8.8.8.8,UDP,70
2025-07-24 11:54:10,192.168.0.180,192.168.0.255,UDP,92
2025-07-24 11:54:10,192.168.0.180,224.0.0.251,UDP,81
2025-07-24 11:54:10,192.168.0.180,224.0.0.251,UDP,81
2025-07-24 11:54:10,192.168.0.180,224.0.0.252,UDP,75
2025-07-24 11:54:10,192.168.0.180,224.0.0.252,UDP,75
2025-07-24 11:54:10,8.8.8.8,192.168.0.212,UDP,102
2025-07-24 11:54:10,8.8.8.8,192.168.0.212,UDP,146
2025-07-24 11:54:10,192.168.0.212,8.8.8.8,TCP,66
2025-07-24 11:54:10,8.8.8.8,192.168.0.212,TCP,66
2025-07-24 11:54:10,192.168.0.212,8.8.8.8,TCP,54
2025-07-24 11:54:10,192.168.0.212,8.8.8.8,TCP,2224
2025-07-24 11:54:10,8.8.8.8,192.168.0.212,TCP,60
2025-07-24 11:54:10,8.8.8.8,192.168.0.212,TCP,60
2025-07-24 11:54:10,8.8.8.8,192.168.0.212,TCP,1466
2025-07-24 11:54:10,8.8.8.8,192.168.0.212,TCP,101
2025-07-24 11:54:10,192.168.0.212,8.8.8.8,TCP,54
2025-07-24 11:54:10,192.168.0.212,8.8.8.8,TCP,128
2025-07-24 11:54:10,192.168.0.212,8.8.8.8,TCP,146
2025-07-24 11:54:10,192.168.0.212,8.8.8.8,TCP,296
2025-07-24 11:54:10,192.168.0.212,8.8.8.8,TCP,243
2025-07-24 11:54:10,8.8.8.8,192.168.0.212,TCP,1004
2025-07-24 11:54:10,8.8.8.8,192.168.0.212,TCP,85
2025-07-24 11:54:10,192.168.0.212,8.8.8.8,TCP,54
2025-07-24 11:54:10,192.168.0.212,8.8.8.8,TCP,85
2025-07-24 11:54:10,8.8.8.8,192.168.0.212,TCP,60
2025-07-24 11:54:10,8.8.8.8,192.168.0.212,TCP,341
2025-07-24 11:54:10,8.8.8.8,192.168.0.212,TCP,553
2025-07-24 11:54:10,8.8.8.8,192.168.0.212,TCP,85
2025-07-24 11:54:10,8.8.8.8,192.168.0.212,TCP,93
2025-07-24 11:54:10,8.8.8.8,192.168.0.212,TCP,137
2025-07-24 11:54:10,8.8.8.8,192.168.0.212,TCP,553
2025-07-24 11:54:10,8.8.8.8,192.168.0.212,TCP,85
2025-07-24 11:54:10,192.168.0.212,8.8.8.8,TCP,54
2025-07-24 11:54:10,192.168.0.212,8.8.8.8,TCP,93
2025-07-24 11:54:10,192.168.0.212,183.82.12.186,UDP,1292
2025-07-24 11:54:10,192.168.0.212,183.82.12.186,UDP,1292
2025-07-24 11:54:10,8.8.8.8,192.168.0.212,TCP,60
2025-07-24 11:54:10,8.8.8.8,192.168.0.212,TCP,60
2025-07-24 11:54:10,183.82.12.186,192.168.0.212,UDP,1292
2025-07-24 11:54:10,183.82.12.186,192.168.0.212,UDP,1292
2025-07-24 11:54:10,183.82.12.186,192.168.0.212,UDP,293
2025-07-24 11:54:10,192.168.0.212,183.82.12.186,UDP,1292
2025-07-24 11:54:10,192.168.0.212,183.82.12.186,UDP,79
2025-07-24 11:54:10,192.168.0.212,183.82.12.186,UDP,137
2025-07-24 11:54:10,183.82.12.186,192.168.0.212,UDP,299
2025-07-24 11:54:10,192.168.0.212,183.82.12.186,UDP,115
2025-07-24 11:54:10,192.168.0.212,183.82.12.186,UDP,210
2025-07-24 11:54:10,183.82.12.186,192.168.0.212,UDP,84
2025-07-24 11:54:10,183.82.12.186,192.168.0.212,UDP,329
2025-07-24 11:54:10,183.82.12.186,192.168.0.212,UDP,106
2025-07-24 11:54:10,183.82.12.186,192.168.0.212,UDP,63
2025-07-24 11:54:10,183.82.12.186,192.168.0.212,UDP,112
2025-07-24 11:54:10,192.168.0.212,183.82.12.186,UDP,73
2025-07-24 11:54:10,192.168.0.212,183.82.12.186,UDP,73
2025-07-24 11:54:10,183.82.12.186,192.168.0.212,UDP,68
2025-07-24 11:54:11,192.168.0.180,224.0.0.252,UDP,75
2025-07-24 11:54:11,192.168.0.180,224.0.0.252,UDP,75
2025-07-24 11:54:11,192.168.0.226,239.255.255.250,UDP,179
2025-07-24 11:54:11,192.168.0.22,255.255.255.255,UDP,790
2025-07-24 11:54:11,192.168.0.180,192.168.0.255,UDP,92
2025-07-24 11:54:11,192.168.0.180,224.0.0.251,UDP,81
2025-07-24 11:54:11,192.168.0.180,224.0.0.251,UDP,81
2025-07-24 11:54:11,192.168.0.1,255.255.255.255,UDP,498
2025-07-24 11:54:11,192.168.0.25,255.255.255.255,UDP,782
2025-07-24 11:54:12,192.168.0.53,255.255.255.255,UDP,780
2025-07-24 11:54:12,192.168.0.215,224.0.0.251,UDP,81
2025-07-24 11:54:12,192.168.0.215,224.0.0.252,UDP,75
2025-07-24 11:54:12,192.168.0.215,224.0.0.251,UDP,119
2025-07-24 11:54:13,192.168.0.180,192.168.0.255,UDP,92
2025-07-24 11:54:13,192.168.0.180,224.0.0.251,UDP,81
2025-07-24 11:54:13,192.168.0.180,224.0.0.251,UDP,81
2025-07-24 11:54:13,192.168.0.180,224.0.0.252,UDP,75
2025-07-24 11:54:13,192.168.0.180,224.0.0.252,UDP,75
2025-07-24 11:54:13,192.168.0.180,224.0.0.252,UDP,75
2025-07-24 11:54:13,192.168.0.180,224.0.0.252,UDP,75
2025-07-24 11:54:13,0.0.0.0,255.255.255.255,UDP,342
2025-07-24 11:54:13,192.168.0.231,224.0.0.251,UDP,127
2025-07-24 11:54:13,192.168.0.21,255.255.255.255,UDP,791
2025-07-24 11:54:13,192.168.0.180,192.168.0.255,UDP,92
2025-07-24 11:54:13,192.168.0.180,224.0.0.251,UDP,81
2025-07-24 11:54:13,192.168.0.180,224.0.0.251,UDP,81
2025-07-24 11:54:14,192.168.0.225,224.0.0.251,UDP,81
2025-07-24 11:54:14,192.168.0.225,224.0.0.252,UDP,75
2025-07-24 11:54:14,192.168.0.225,224.0.0.251,UDP,119
2025-07-24 11:54:14,192.168.0.226,239.255.255.250,UDP,179
2025-07-24 11:54:14,192.168.0.171,224.0.0.251,UDP,100
2025-07-24 11:54:14,192.168.0.180,192.168.0.255,UDP,92
2025-07-24 11:54:14,192.168.0.231,224.0.0.251,UDP,127
2025-07-24 11:54:15,192.168.0.212,8.8.4.4,TCP,249
2025-07-24 11:54:15,192.168.0.212,8.8.4.4,TCP,244
2025-07-24 11:54:15,8.8.4.4,192.168.0.212,TCP,60
2025-07-24 11:54:15,8.8.4.4,192.168.0.212,TCP,60
2025-07-24 11:54:15,8.8.4.4,192.168.0.212,TCP,161
2025-07-24 11:54:15,8.8.4.4,192.168.0.212,TCP,553
2025-07-24 11:54:15,8.8.4.4,192.168.0.212,TCP,85
2025-07-24 11:54:15,8.8.4.4,192.168.0.212,TCP,93
2025-07-24 11:54:15,8.8.4.4,192.168.0.212,TCP,139
2025-07-24 11:54:15,8.8.4.4,192.168.0.212,TCP,584
2025-07-24 11:54:15,192.168.0.212,8.8.4.4,TCP,54
2025-07-24 11:54:15,192.168.0.212,8.8.4.4,TCP,89
2025-07-24 11:54:15,192.168.0.212,8.8.4.4,TCP,93
2025-07-24 11:54:15,192.168.0.212,142.251.221.164,UDP,1292
2025-07-24 11:54:15,192.168.0.212,142.251.221.164,UDP,1292
2025-07-24 11:54:15,192.168.0.212,142.251.221.164,UDP,124
2025-07-24 11:54:15,8.8.4.4,192.168.0.212,TCP,60
2025-07-24 11:54:15,142.251.221.164,192.168.0.212,UDP,82
2025-07-24 11:54:15,142.251.221.164,192.168.0.212,UDP,1292
2025-07-24 11:54:15,192.168.0.212,142.251.221.164,UDP,1292
2025-07-24 11:54:15,142.251.221.164,192.168.0.212,UDP,1292
2025-07-24 11:54:15,142.251.221.164,192.168.0.212,UDP,450
2025-07-24 11:54:15,142.251.221.164,192.168.0.212,UDP,884
2025-07-24 11:54:15,142.251.221.164,192.168.0.212,UDP,224
2025-07-24 11:54:15,142.251.221.164,192.168.0.212,UDP,66
2025-07-24 11:54:15,142.251.221.164,192.168.0.212,UDP,1292
2025-07-24 11:54:15,192.168.0.212,142.251.221.164,UDP,1292
2025-07-24 11:54:15,192.168.0.212,142.251.221.164,UDP,120
2025-07-24 11:54:15,192.168.0.212,142.251.221.164,UDP,73
2025-07-24 11:54:15,142.251.221.164,192.168.0.212,UDP,162
2025-07-24 11:54:15,192.168.0.212,142.251.221.164,UDP,75
2025-07-24 11:54:15,192.168.0.59,224.0.0.252,UDP,65
2025-07-24 11:54:15,192.168.0.231,224.0.0.251,UDP,91
2025-07-24 11:54:15,192.168.0.59,224.0.0.252,UDP,65
2025-07-24 11:54:15,192.168.0.235,224.0.0.251,UDP,107
2025-07-24 11:54:16,192.168.0.232,224.0.0.251,UDP,82
2025-07-24 11:54:16,192.168.0.232,224.0.0.251,UDP,103
2025-07-24 11:54:16,192.168.0.232,224.0.0.251,UDP,119
2025-07-24 11:54:16,192.168.0.212,8.8.8.8,UDP,82
2025-07-24 11:54:16,8.8.8.8,192.168.0.212,UDP,189
2025-07-24 11:54:16,192.168.0.212,18.155.33.15,TCP,66
2025-07-24 11:54:16,18.155.33.15,192.168.0.212,TCP,66
2025-07-24 11:54:16,192.168.0.212,18.155.33.15,TCP,54
2025-07-24 11:54:16,192.168.0.212,18.155.33.15,TCP,698
2025-07-24 11:54:16,18.155.33.15,192.168.0.212,TCP,60
2025-07-24 11:54:16,18.155.33.15,192.168.0.212,TCP,279
2025-07-24 11:54:16,192.168.0.212,18.155.33.15,TCP,60
2025-07-24 11:54:16,192.168.0.212,18.155.33.15,TCP,128
2025-07-24 11:54:16,192.168.0.212,18.155.33.15,TCP,301
2025-07-24 11:54:16,18.155.33.15,192.168.0.212,TCP,60
2025-07-24 11:54:16,18.155.33.15,192.168.0.212,TCP,233
2025-07-24 11:54:16,18.155.33.15,192.168.0.212,TCP,60
2025-07-24 11:54:16,192.168.0.212,18.155.33.15,TCP,54
2025-07-24 11:54:16,18.155.33.15,192.168.0.212,TCP,846
2025-07-24 11:54:16,192.168.0.212,18.155.33.15,TCP,54
2025-07-24 11:54:16,192.168.0.212,18.155.33.15,TCP,94
2025-07-24 11:54:16,192.168.0.212,18.155.33.15,TCP,94
2025-07-24 11:54:16,192.168.0.212,18.155.33.15,TCP,54
2025-07-24 11:54:16,18.155.33.15,192.168.0.212,TCP,60
2025-07-24 11:54:16,18.155.33.15,192.168.0.212,TCP,60
2025-07-24 11:54:16,18.155.33.15,192.168.0.212,TCP,60
2025-07-24 11:54:16,192.168.0.212,18.155.33.15,TCP,54
2025-07-24 11:54:16,192.168.0.212,8.8.8.8,UDP,86
2025-07-24 11:54:16,8.8.8.8,192.168.0.212,UDP,150
2025-07-24 11:54:16,192.168.0.212,54.240.162.2,TCP,66
2025-07-24 11:54:16,54.240.162.2,192.168.0.212,TCP,66
2025-07-24 11:54:16,192.168.0.212,54.240.162.2,TCP,54
2025-07-24 11:54:16,192.168.0.212,54.240.162.2,TCP,702
2025-07-24 11:54:16,54.240.162.2,192.168.0.212,TCP,60
2025-07-24 11:54:16,54.240.162.2,192.168.0.212,TCP,279
2025-07-24 11:54:16,192.168.0.212,54.240.162.2,TCP,60
2025-07-24 11:54:16,192.168.0.212,54.240.162.2,TCP,128
2025-07-24 11:54:16,192.168.0.212,54.240.162.2,TCP,305
2025-07-24 11:54:16,54.240.162.2,192.168.0.212,TCP,60
2025-07-24 11:54:16,54.240.162.2,192.168.0.212,TCP,60
2025-07-24 11:54:16,54.240.162.2,192.168.0.212,TCP,233
2025-07-24 11:54:16,54.240.162.2,192.168.0.212,TCP,1056
2025-07-24 11:54:16,192.168.0.212,54.240.162.2,TCP,54
2025-07-24 11:54:16,192.168.0.222,255.255.255.255,UDP,913
2025-07-24 11:54:16,192.168.0.212,172.64.155.209,TCP,7701
2025-07-24 11:54:16,172.64.155.209,192.168.0.212,TCP,60
2025-07-24 11:54:16,172.64.155.209,192.168.0.212,TCP,93
2025-07-24 11:54:16,192.168.0.212,172.64.155.209,TCP,54
2025-07-24 11:54:17,192.168.0.232,224.0.0.251,UDP,119
2025-07-24 11:54:17,192.168.0.239,224.0.0.251,UDP,103
2025-07-24 11:54:17,192.168.0.239,224.0.0.251,UDP,103
2025-07-24 11:54:17,192.168.0.204,239.255.255.250,UDP,167
2025-07-24 11:54:17,192.168.0.204,239.255.255.250,UDP,167
2025-07-24 11:54:17,192.168.0.210,224.0.0.251,UDP,93
2025-07-24 11:54:17,192.168.0.212,172.64.155.209,TCP,5390
2025-07-24 11:54:17,192.168.0.212,172.64.155.209,TCP,794
2025-07-24 11:54:17,172.64.155.209,192.168.0.212,TCP,60
2025-07-24 11:54:17,172.64.155.209,192.168.0.212,TCP,350
2025-07-24 11:54:17,172.64.155.209,192.168.0.212,TCP,89
2025-07-24 11:54:17,192.168.0.212,172.64.155.209,TCP,54
2025-07-24 11:54:17,172.64.155.209,192.168.0.212,TCP,85
2025-07-24 11:54:17,192.168.0.212,172.64.155.209,TCP,89
2025-07-24 11:54:17,192.168.0.204,239.255.255.250,UDP,167
2025-07-24 11:54:17,172.64.155.209,192.168.0.212,TCP,60
2025-07-24 11:54:17,192.168.0.62,224.0.0.251,UDP,191
2025-07-24 11:54:17,192.168.0.210,224.0.0.251,UDP,93
2025-07-24 11:54:17,192.168.0.235,224.0.0.251,UDP,107
2025-07-24 11:54:17,192.168.0.232,224.0.0.251,UDP,119
2025-07-24 11:54:17,172.64.155.209,192.168.0.212,TCP,323
2025-07-24 11:54:17,172.64.155.209,192.168.0.212,TCP,101
2025-07-24 11:54:17,172.64.155.209,192.168.0.212,TCP,85
2025-07-24 11:54:17,172.64.155.209,192.168.0.212,TCP,85
2025-07-24 11:54:17,192.168.0.212,172.64.155.209,TCP,66
2025-07-24 11:54:18,192.168.0.239,224.0.0.251,UDP,103
2025-07-24 11:54:18,192.168.0.210,224.0.0.251,UDP,93
2025-07-24 11:54:18,192.168.0.212,8.8.4.4,TCP,243
2025-07-24 11:54:18,192.168.0.212,8.8.4.4,TCP,243
2025-07-24 11:54:18,8.8.4.4,192.168.0.212,TCP,60
2025-07-24 11:54:18,8.8.4.4,192.168.0.212,TCP,160
2025-07-24 11:54:18,8.8.4.4,192.168.0.212,TCP,553
2025-07-24 11:54:18,8.8.4.4,192.168.0.212,TCP,85
2025-07-24 11:54:18,8.8.4.4,192.168.0.212,TCP,93
2025-07-24 11:54:18,8.8.4.4,192.168.0.212,TCP,122
2025-07-24 11:54:18,8.8.4.4,192.168.0.212,TCP,553
2025-07-24 11:54:18,8.8.4.4,192.168.0.212,TCP,85
2025-07-24 11:54:18,192.168.0.212,8.8.4.4,TCP,54
2025-07-24 11:54:18,192.168.0.212,8.8.4.4,TCP,93
2025-07-24 11:54:18,192.168.0.212,142.250.183.142,UDP,1292
2025-07-24 11:54:18,192.168.0.212,142.250.183.142,UDP,1292
2025-07-24 11:54:18,192.168.0.212,142.250.183.142,UDP,1292
2025-07-24 11:54:18,192.168.0.212,142.250.183.142,UDP,121
2025-07-24 11:54:18,142.250.183.142,192.168.0.212,UDP,82
2025-07-24 11:54:18,142.250.183.142,192.168.0.212,UDP,82
2025-07-24 11:54:18,8.8.4.4,192.168.0.212,TCP,60
2025-07-24 11:54:18,142.250.183.142,192.168.0.212,UDP,1292
2025-07-24 11:54:18,142.250.183.142,192.168.0.212,UDP,1292
2025-07-24 11:54:18,192.168.0.212,142.250.183.142,UDP,1292
2025-07-24 11:54:18,142.250.183.142,192.168.0.212,UDP,1292
2025-07-24 11:54:18,142.250.183.142,192.168.0.212,UDP,341
2025-07-24 11:54:18,142.250.183.142,192.168.0.212,UDP,986
2025-07-24 11:54:18,142.250.183.142,192.168.0.212,UDP,67
2025-07-24 11:54:18,142.250.183.142,192.168.0.212,UDP,1292
2025-07-24 11:54:18,192.168.0.212,142.250.183.142,UDP,1292
2025-07-24 11:54:18,192.168.0.212,142.250.183.142,UDP,120
2025-07-24 11:54:18,192.168.0.212,142.250.183.142,UDP,1288
2025-07-24 11:54:18,192.168.0.212,142.250.183.142,UDP,1292
2025-07-24 11:54:18,192.168.0.212,142.250.183.142,UDP,877
2025-07-24 11:54:18,192.168.0.212,142.250.183.142,UDP,359
2025-07-24 11:54:18,192.168.0.212,142.250.183.142,UDP,73
2025-07-24 11:54:18,142.250.183.142,192.168.0.212,UDP,162
2025-07-24 11:54:18,142.250.183.142,192.168.0.212,UDP,67
2025-07-24 11:54:18,142.250.183.142,192.168.0.212,UDP,67
2025-07-24 11:54:18,142.250.183.142,192.168.0.212,UDP,67
2025-07-24 11:54:18,192.168.0.212,142.250.183.142,UDP,75
2025-07-24 11:54:18,142.250.183.142,192.168.0.212,UDP,71
2025-07-24 11:54:18,192.168.0.212,142.250.183.142,UDP,76
2025-07-24 11:54:18,142.250.183.142,192.168.0.212,UDP,643
2025-07-24 11:54:18,142.250.183.142,192.168.0.212,UDP,63
2025-07-24 11:54:18,192.168.0.212,142.250.183.142,UDP,79
2025-07-24 11:54:18,192.168.0.212,8.8.4.4,TCP,244
2025-07-24 11:54:18,192.168.0.212,8.8.4.4,TCP,245
2025-07-24 11:54:18,8.8.4.4,192.168.0.212,TCP,60
2025-07-24 11:54:18,8.8.4.4,192.168.0.212,TCP,60
2025-07-24 11:54:18,192.168.0.180,192.168.0.255,UDP,92
2025-07-24 11:54:18,192.168.0.210,224.0.0.251,UDP,299
2025-07-24 11:54:18,192.168.0.210,224.0.0.251,UDP,235
2025-07-24 11:54:18,8.8.4.4,192.168.0.212,TCP,137
2025-07-24 11:54:18,8.8.4.4,192.168.0.212,TCP,553
2025-07-24 11:54:18,8.8.4.4,192.168.0.212,TCP,85
2025-07-24 11:54:18,8.8.4.4,192.168.0.212,TCP,93
2025-07-24 11:54:18,8.8.4.4,192.168.0.212,TCP,138
2025-07-24 11:54:18,8.8.4.4,192.168.0.212,TCP,584
2025-07-24 11:54:18,192.168.0.212,8.8.4.4,TCP,54
2025-07-24 11:54:18,142.250.183.142,192.168.0.212,UDP,66
2025-07-24 11:54:18,192.168.0.212,8.8.4.4,TCP,93
2025-07-24 11:54:18,192.168.0.212,3.233.158.26,TCP,66
2025-07-24 11:54:18,8.8.4.4,192.168.0.212,TCP,60
2025-07-24 11:54:18,192.168.0.212,3.233.158.26,TCP,66
2025-07-24 11:54:18,3.233.158.26,192.168.0.212,TCP,66
2025-07-24 11:54:18,192.168.0.212,3.233.158.26,TCP,54
2025-07-24 11:54:18,192.168.0.212,3.233.158.26,TCP,2031
2025-07-24 11:54:19,3.233.158.26,192.168.0.212,TCP,66
2025-07-24 11:54:19,3.233.158.26,192.168.0.212,TCP,60
2025-07-24 11:54:19,3.233.158.26,192.168.0.212,TCP,60
2025-07-24 11:54:19,3.233.158.26,192.168.0.212,TCP,1377
2025-07-24 11:54:19,3.233.158.26,192.168.0.212,TCP,1377
2025-07-24 11:54:19,3.233.158.26,192.168.0.212,TCP,936
2025-07-24 11:54:19,192.168.0.212,3.233.158.26,TCP,54
2025-07-24 11:54:19,192.168.0.212,3.233.158.26,TCP,54
2025-07-24 11:54:19,192.168.0.212,3.233.158.26,TCP,2063
2025-07-24 11:54:19,192.168.0.239,224.0.0.251,UDP,103
2025-07-24 11:54:19,192.168.0.180,192.168.0.255,UDP,92
2025-07-24 11:54:19,192.168.0.212,3.233.158.26,TCP,118
2025-07-24 11:54:19,192.168.0.212,3.233.158.26,TCP,146
2025-07-24 11:54:19,192.168.0.212,3.233.158.26,TCP,2206
2025-07-24 11:54:19,3.233.158.26,192.168.0.212,TCP,60
2025-07-24 11:54:19,3.233.158.26,192.168.0.212,TCP,60
2025-07-24 11:54:19,3.233.158.26,192.168.0.212,TCP,1402
2025-07-24 11:54:19,3.233.158.26,192.168.0.212,TCP,1402
2025-07-24 11:54:19,3.233.158.26,192.168.0.212,TCP,886
2025-07-24 11:54:19,192.168.0.212,3.233.158.26,TCP,54
2025-07-24 11:54:19,192.168.0.212,3.233.158.26,TCP,118
2025-07-24 11:54:19,3.233.158.26,192.168.0.212,TCP,60
2025-07-24 11:54:19,3.233.158.26,192.168.0.212,TCP,581
2025-07-24 11:54:19,3.233.158.26,192.168.0.212,TCP,60
2025-07-24 11:54:19,192.168.0.212,3.233.158.26,TCP,85
2025-07-24 11:54:19,3.233.158.26,192.168.0.212,TCP,363
2025-07-24 11:54:19,192.168.0.212,3.233.158.26,TCP,89
2025-07-24 11:54:19,192.168.0.212,8.8.4.4,TCP,244
2025-07-24 11:54:19,192.168.0.212,8.8.4.4,TCP,244
2025-07-24 11:54:19,8.8.4.4,192.168.0.212,TCP,60
2025-07-24 11:54:19,8.8.4.4,192.168.0.212,TCP,60
2025-07-24 11:54:19,8.8.4.4,192.168.0.212,TCP,161
2025-07-24 11:54:19,8.8.4.4,192.168.0.212,TCP,553
2025-07-24 11:54:19,8.8.4.4,192.168.0.212,TCP,85
2025-07-24 11:54:19,8.8.4.4,192.168.0.212,TCP,93
2025-07-24 11:54:19,192.168.0.212,8.8.4.4,TCP,54
2025-07-24 11:54:19,192.168.0.212,8.8.4.4,TCP,93
2025-07-24 11:54:19,192.168.0.212,14.99.187.211,TCP,66
2025-07-24 11:54:19,192.168.0.212,8.8.4.4,TCP,89
2025-07-24 11:54:19,8.8.4.4,192.168.0.212,TCP,138
2025-07-24 11:54:19,8.8.4.4,192.168.0.212,TCP,553
2025-07-24 11:54:19,8.8.4.4,192.168.0.212,TCP,85
2025-07-24 11:54:19,192.168.0.212,8.8.4.4,TCP,54
2025-07-24 11:54:19,3.233.158.26,192.168.0.212,TCP,60
2025-07-24 11:54:19,8.8.4.4,192.168.0.212,TCP,60
2025-07-24 11:54:19,192.168.0.153,239.255.255.250,UDP,179
2025-07-24 11:54:19,14.99.187.211,192.168.0.212,TCP,62
2025-07-24 11:54:19,192.168.0.212,14.99.187.211,TCP,54
2025-07-24 11:54:19,8.8.4.4,192.168.0.212,TCP,60
2025-07-24 11:54:19,192.168.0.212,14.99.187.211,TCP,2020
2025-07-24 11:54:19,14.99.187.211,192.168.0.212,TCP,60
2025-07-24 11:54:19,14.99.187.211,192.168.0.212,TCP,60
2025-07-24 11:54:19,14.99.187.211,192.168.0.212,TCP,191
2025-07-24 11:54:19,192.168.0.212,14.99.187.211,TCP,105
2025-07-24 11:54:19,192.168.0.212,14.99.187.211,TCP,1452
2025-07-24 11:54:19,14.99.187.211,192.168.0.212,TCP,60
2025-07-24 11:54:19,3.233.158.26,192.168.0.212,TCP,60
2025-07-24 11:54:19,14.99.187.211,192.168.0.212,TCP,1094
2025-07-24 11:54:19,192.168.0.212,14.99.187.211,TCP,54
2025-07-24 11:54:19,192.168.0.235,224.0.0.251,UDP,107
2025-07-24 11:54:20,192.168.0.153,224.0.0.251,UDP,72
2025-07-24 11:54:20,192.168.0.153,224.0.0.251,UDP,110
2025-07-24 11:54:20,192.168.0.153,239.255.255.250,UDP,179
2025-07-24 11:54:20,192.168.0.153,224.0.0.252,UDP,66
